datetime,symbol,open,high,low,close,volume
2021-08-30 10:45:00,NSE:NIFTY1!,16874.5,16899.0,16869.9,16898.95,394450.0
2021-08-30 11:45:00,NSE:NIFTY1!,16899.0,16909.9,16886.85,16904.55,553300.0
2021-08-30 12:45:00,NSE:NIFTY1!,16905.0,16939.0,16903.1,16937.35,947500.0
2021-08-30 13:45:00,NSE:NIFTY1!,16938.0,16960.0,16933.55,16952.0,734350.0
2021-08-31 07:45:00,NSE:NIFTY1!,16892.0,16998.85,16892.0,16964.7,1584250.0
2021-08-31 08:45:00,NSE:NIFTY1!,16964.8,16998.0,16960.6,16981.5,634050.0
2021-08-31 09:45:00,NSE:NIFTY1!,16981.7,17008.75,16973.2,17005.35,498650.0
2021-08-31 10:45:00,NSE:NIFTY1!,17004.3,17065.0,16993.05,17062.9,1128700.0
2021-08-31 11:45:00,NSE:NIFTY1!,17062.95,17069.7,16996.75,17046.0,1182900.0
2021-08-31 12:45:00,NSE:NIFTY1!,17048.0,17143.9,17048.0,17133.4,1510400.0
2021-08-31 13:45:00,NSE:NIFTY1!,17133.75,17138.35,17118.2,17130.15,823100.0
2021-09-01 07:45:00,NSE:NIFTY1!,17150.0,17228.75,17136.25,17207.05,1977250.0
2021-09-01 08:45:00,NSE:NIFTY1!,17207.25,17208.05,17104.2,17126.1,1748600.0
2021-09-01 09:45:00,NSE:NIFTY1!,17128.95,17148.45,17094.8,17113.2,751500.0
2021-09-01 10:45:00,NSE:NIFTY1!,17113.5,17157.8,17087.5,17135.0,824950.0
2021-09-01 11:45:00,NSE:NIFTY1!,17135.0,17156.05,17115.0,17132.45,475700.0
2021-09-01 12:45:00,NSE:NIFTY1!,17132.45,17144.9,17090.0,17090.0,757700.0
2021-09-01 13:45:00,NSE:NIFTY1!,17090.0,17098.9,17083.0,17087.0,473650.0
2021-09-02 07:45:00,NSE:NIFTY1!,17138.9,17145.0,17072.1,17136.0,1029350.0
2021-09-02 08:45:00,NSE:NIFTY1!,17137.9,17173.0,17122.05,17171.95,758500.0
2021-09-02 09:45:00,NSE:NIFTY1!,17172.9,17190.0,17169.5,17190.0,602000.0
2021-09-02 10:45:00,NSE:NIFTY1!,17189.7,17211.0,17170.05,17202.95,754600.0
2021-09-02 11:45:00,NSE:NIFTY1!,17203.35,17228.6,17184.5,17228.1,699200.0
2021-09-02 12:45:00,NSE:NIFTY1!,17231.75,17254.75,17220.05,17243.1,1176700.0
2021-09-02 13:45:00,NSE:NIFTY1!,17243.55,17262.7,17242.45,17259.95,655500.0
2021-09-03 07:45:00,NSE:NIFTY1!,17261.55,17319.5,17211.0,17315.0,1629900.0
2021-09-03 08:45:00,NSE:NIFTY1!,17314.7,17323.5,17235.0,17252.0,1070050.0
2021-09-03 09:45:00,NSE:NIFTY1!,17250.0,17287.25,17224.65,17280.0,731600.0
2021-09-03 10:45:00,NSE:NIFTY1!,17281.75,17302.1,17262.4,17298.5,686200.0
2021-09-03 11:45:00,NSE:NIFTY1!,17296.5,17333.0,17236.85,17280.2,1211200.0
2021-09-03 12:45:00,NSE:NIFTY1!,17279.0,17334.95,17266.75,17324.7,829600.0
2021-09-03 13:45:00,NSE:NIFTY1!,17325.1,17342.45,17320.2,17332.0,612450.0
2021-09-06 07:45:00,NSE:NIFTY1!,17379.0,17429.1,17379.0,17411.45,1672250.0
2021-09-06 08:45:00,NSE:NIFTY1!,17411.8,17414.9,17365.1,17386.75,767900.0
2021-09-06 09:45:00,NSE:NIFTY1!,17387.0,17400.35,17361.0,17383.1,399200.0
2021-09-06 10:45:00,NSE:NIFTY1!,17382.7,17417.0,17371.25,17411.45,437950.0
2021-09-06 11:45:00,NSE:NIFTY1!,17412.0,17419.95,17378.4,17397.0,401500.0
2021-09-06 12:45:00,NSE:NIFTY1!,17395.45,17413.0,17388.05,17401.5,488400.0
2021-09-06 13:45:00,NSE:NIFTY1!,17400.0,17408.9,17396.0,17408.0,375200.0
2021-09-07 07:45:00,NSE:NIFTY1!,17372.1,17420.0,17306.1,17324.35,2111350.0
2021-09-07 08:45:00,NSE:NIFTY1!,17321.4,17348.5,17300.0,17333.7,801550.0
2021-09-07 09:45:00,NSE:NIFTY1!,17335.3,17394.45,17327.65,17392.0,767500.0
2021-09-07 10:45:00,NSE:NIFTY1!,17393.0,17449.95,17393.0,17426.05,1560200.0
2021-09-07 11:45:00,NSE:NIFTY1!,17426.05,17440.8,17400.15,17421.55,583650.0
2021-09-07 12:45:00,NSE:NIFTY1!,17421.75,17425.0,17362.6,17372.85,1093550.0
2021-09-07 13:45:00,NSE:NIFTY1!,17372.25,17376.9,17361.1,17369.1,494350.0
2021-09-08 07:45:00,NSE:NIFTY1!,17397.9,17401.1,17342.55,17356.05,1074550.0
2021-09-08 08:45:00,NSE:NIFTY1!,17356.05,17387.45,17355.1,17383.65,371950.0
2021-09-08 09:45:00,NSE:NIFTY1!,17383.75,17394.35,17366.0,17383.1,363550.0
2021-09-08 10:45:00,NSE:NIFTY1!,17384.25,17385.55,17276.25,17286.7,1690400.0
2021-09-08 11:45:00,NSE:NIFTY1!,17287.0,17347.5,17287.0,17347.5,859350.0
2021-09-08 12:45:00,NSE:NIFTY1!,17346.3,17367.0,17312.9,17362.95,756400.0
2021-09-08 13:45:00,NSE:NIFTY1!,17364.0,17388.0,17362.65,17384.6,643200.0
2021-09-09 07:45:00,NSE:NIFTY1!,17330.0,17356.0,17309.05,17321.05,1157850.0
2021-09-09 08:45:00,NSE:NIFTY1!,17319.9,17364.0,17318.1,17342.05,550050.0
2021-09-09 09:45:00,NSE:NIFTY1!,17342.8,17356.85,17332.8,17342.0,282450.0
2021-09-09 10:45:00,NSE:NIFTY1!,17342.0,17346.0,17301.0,17314.8,834000.0
2021-09-09 11:45:00,NSE:NIFTY1!,17317.0,17353.95,17312.35,17336.25,451900.0
2021-09-09 12:45:00,NSE:NIFTY1!,17336.9,17370.0,17313.3,17360.75,890900.0
2021-09-09 13:45:00,NSE:NIFTY1!,17360.9,17373.6,17359.5,17370.0,549250.0
2021-09-13 07:45:00,NSE:NIFTY1!,17355.25,17366.75,17264.0,17281.5,1939850.0
2021-09-13 08:45:00,NSE:NIFTY1!,17281.45,17319.5,17274.2,17310.4,684600.0
2021-09-13 09:45:00,NSE:NIFTY1!,17310.4,17336.8,17301.65,17333.0,511500.0
2021-09-13 10:45:00,NSE:NIFTY1!,17333.3,17378.3,17328.7,17366.2,713350.0
2021-09-13 11:45:00,NSE:NIFTY1!,17367.15,17383.1,17350.45,17370.4,390000.0
2021-09-13 12:45:00,NSE:NIFTY1!,17371.05,17393.1,17344.9,17355.45,712650.0
2021-09-13 13:45:00,NSE:NIFTY1!,17356.4,17365.0,17353.0,17362.0,405950.0
2021-09-14 07:45:00,NSE:NIFTY1!,17410.0,17434.7,17391.55,17416.0,1082050.0
2021-09-14 08:45:00,NSE:NIFTY1!,17415.6,17429.25,17410.0,17423.3,298950.0
2021-09-14 09:45:00,NSE:NIFTY1!,17423.8,17425.8,17402.0,17405.2,331000.0
2021-09-14 10:45:00,NSE:NIFTY1!,17404.0,17419.45,17372.1,17390.6,787200.0
2021-09-14 11:45:00,NSE:NIFTY1!,17389.15,17405.0,17375.45,17390.0,486000.0
2021-09-14 12:45:00,NSE:NIFTY1!,17390.0,17398.2,17368.7,17382.05,568600.0
2021-09-14 13:45:00,NSE:NIFTY1!,17382.05,17389.1,17380.5,17386.9,311000.0
2021-09-15 07:45:00,NSE:NIFTY1!,17405.1,17445.0,17380.9,17443.5,1250600.0
2021-09-15 08:45:00,NSE:NIFTY1!,17443.3,17456.35,17436.0,17448.0,865450.0
2021-09-15 09:45:00,NSE:NIFTY1!,17448.0,17467.05,17446.15,17463.9,452000.0
2021-09-15 10:45:00,NSE:NIFTY1!,17463.3,17499.4,17458.0,17492.75,857000.0
2021-09-15 11:45:00,NSE:NIFTY1!,17491.9,17532.75,17482.75,17531.85,902550.0
2021-09-15 12:45:00,NSE:NIFTY1!,17531.9,17544.9,17525.95,17529.25,834900.0
2021-09-15 13:45:00,NSE:NIFTY1!,17529.05,17545.35,17528.95,17535.2,569500.0
2021-09-16 07:45:00,NSE:NIFTY1!,17541.0,17566.0,17501.0,17548.7,1800700.0
2021-09-16 08:45:00,NSE:NIFTY1!,17548.5,17553.2,17522.15,17527.75,616450.0
2021-09-16 09:45:00,NSE:NIFTY1!,17527.75,17564.6,17521.0,17564.0,937550.0
2021-09-16 10:45:00,NSE:NIFTY1!,17564.55,17580.65,17555.2,17568.0,711400.0
2021-09-16 11:45:00,NSE:NIFTY1!,17568.0,17597.25,17557.1,17593.55,608500.0
2021-09-16 12:45:00,NSE:NIFTY1!,17593.75,17635.0,17587.0,17606.6,1171050.0
2021-09-16 13:45:00,NSE:NIFTY1!,17607.25,17615.5,17598.7,17606.65,541250.0
2021-09-17 07:45:00,NSE:NIFTY1!,17670.0,17749.95,17670.0,17746.3,2352150.0
2021-09-17 08:45:00,NSE:NIFTY1!,17746.2,17800.0,17746.2,17762.1,1443250.0
2021-09-17 09:45:00,NSE:NIFTY1!,17762.5,17762.5,17620.0,17628.65,2822400.0
2021-09-17 10:45:00,NSE:NIFTY1!,17629.0,17673.25,17598.0,17651.0,1274200.0
2021-09-17 11:45:00,NSE:NIFTY1!,17654.0,17663.75,17605.0,17639.45,688600.0
2021-09-17 12:45:00,NSE:NIFTY1!,17639.0,17656.6,17558.0,17598.45,2105850.0
2021-09-17 13:45:00,NSE:NIFTY1!,17599.95,17610.55,17594.2,17602.0,712850.0
2021-09-20 07:45:00,NSE:NIFTY1!,17460.25,17554.0,17443.2,17533.65,2562650.0
2021-09-20 08:45:00,NSE:NIFTY1!,17534.0,17612.95,17528.0,17598.5,1084900.0
2021-09-20 09:45:00,NSE:NIFTY1!,17598.5,17618.2,17492.15,17495.95,1251850.0
2021-09-20 10:45:00,NSE:NIFTY1!,17498.0,17543.1,17487.2,17535.9,760350.0
2021-09-20 11:45:00,NSE:NIFTY1!,17536.0,17540.0,17436.1,17453.25,1279600.0
2021-09-20 12:45:00,NSE:NIFTY1!,17452.7,17480.0,17376.65,17400.75,1999350.0
2021-09-20 13:45:00,NSE:NIFTY1!,17402.8,17402.8,17355.1,17356.45,971100.0
2021-09-21 07:45:00,NSE:NIFTY1!,17378.0,17475.0,17375.1,17378.0,2437350.0
2021-09-21 08:45:00,NSE:NIFTY1!,17377.2,17427.5,17344.0,17346.1,1269950.0
2021-09-21 09:45:00,NSE:NIFTY1!,17347.6,17430.0,17335.5,17389.6,1245100.0
2021-09-21 10:45:00,NSE:NIFTY1!,17389.8,17479.0,17375.0,17477.0,1128700.0
2021-09-21 11:45:00,NSE:NIFTY1!,17476.75,17522.45,17451.0,17493.55,1523600.0
2021-09-21 12:45:00,NSE:NIFTY1!,17494.5,17565.0,17491.0,17546.45,1204000.0
2021-09-21 13:45:00,NSE:NIFTY1!,17546.4,17569.55,17543.65,17563.0,656650.0
2021-09-22 07:45:00,NSE:NIFTY1!,17554.0,17599.0,17521.0,17591.0,1675000.0
2021-09-22 08:45:00,NSE:NIFTY1!,17591.5,17605.0,17562.55,17578.0,755950.0
2021-09-22 09:45:00,NSE:NIFTY1!,17576.4,17583.65,17530.0,17571.0,888850.0
2021-09-22 10:45:00,NSE:NIFTY1!,17573.1,17618.45,17567.0,17601.5,582550.0
2021-09-22 11:45:00,NSE:NIFTY1!,17601.85,17610.5,17562.5,17597.05,496150.0
2021-09-22 12:45:00,NSE:NIFTY1!,17596.3,17607.0,17551.2,17556.75,774550.0
2021-09-22 13:45:00,NSE:NIFTY1!,17555.0,17571.6,17553.5,17566.0,407850.0
2021-09-23 07:45:00,NSE:NIFTY1!,17661.35,17727.65,17635.1,17726.6,1641200.0
2021-09-23 08:45:00,NSE:NIFTY1!,17725.5,17737.95,17705.6,17732.7,678450.0
2021-09-23 09:45:00,NSE:NIFTY1!,17731.0,17758.7,17712.35,17755.75,676200.0
2021-09-23 10:45:00,NSE:NIFTY1!,17756.0,17770.0,17750.15,17758.5,576200.0
2021-09-23 11:45:00,NSE:NIFTY1!,17760.0,17790.0,17740.2,17787.15,605300.0
2021-09-23 12:45:00,NSE:NIFTY1!,17787.15,17845.45,17784.0,17838.0,1495500.0
2021-09-23 13:45:00,NSE:NIFTY1!,17838.0,17843.1,17825.2,17843.1,705500.0
2021-09-24 07:45:00,NSE:NIFTY1!,17894.95,17935.0,17856.65,17874.0,1766450.0
2021-09-24 08:45:00,NSE:NIFTY1!,17875.0,17934.95,17873.0,17909.75,697250.0
2021-09-24 09:45:00,NSE:NIFTY1!,17908.65,17914.75,17868.0,17881.85,607000.0
2021-09-24 10:45:00,NSE:NIFTY1!,17880.5,17898.0,17840.3,17859.2,701050.0
2021-09-24 11:45:00,NSE:NIFTY1!,17861.2,17866.5,17820.0,17842.0,1055150.0
2021-09-24 12:45:00,NSE:NIFTY1!,17842.9,17879.15,17830.0,17866.95,898850.0
2021-09-24 13:45:00,NSE:NIFTY1!,17866.0,17868.95,17841.95,17847.55,555300.0
2021-09-27 07:45:00,NSE:NIFTY1!,18088.3,18088.3,17868.0,17890.0,1780500.0
2021-09-27 08:45:00,NSE:NIFTY1!,17892.0,17894.95,17831.25,17856.5,1207600.0
2021-09-27 09:45:00,NSE:NIFTY1!,17855.5,17879.95,17806.0,17876.95,1058550.0
2021-09-27 10:45:00,NSE:NIFTY1!,17877.1,17890.8,17855.5,17888.4,624300.0
2021-09-27 11:45:00,NSE:NIFTY1!,17889.9,17902.1,17871.0,17880.4,469200.0
2021-09-27 12:45:00,NSE:NIFTY1!,17880.4,17888.0,17820.05,17855.9,834750.0
2021-09-27 13:45:00,NSE:NIFTY1!,17853.05,17866.25,17847.05,17862.0,344850.0
2021-09-28 07:45:00,NSE:NIFTY1!,17880.05,17903.9,17821.25,17868.95,1280200.0
2021-09-28 08:45:00,NSE:NIFTY1!,17868.95,17875.0,17791.0,17794.6,1196600.0
2021-09-28 09:45:00,NSE:NIFTY1!,17792.45,17833.8,17720.0,17729.6,1827550.0
2021-09-28 10:45:00,NSE:NIFTY1!,17728.95,17732.95,17623.0,17627.05,2210700.0
2021-09-28 11:45:00,NSE:NIFTY1!,17628.35,17689.9,17607.7,17619.05,1830950.0
2021-09-28 12:45:00,NSE:NIFTY1!,17618.0,17775.0,17586.25,17768.0,2800400.0
2021-09-28 13:45:00,NSE:NIFTY1!,17770.15,17777.65,17726.85,17730.95,863000.0
2021-09-29 07:45:00,NSE:NIFTY1!,17669.0,17689.0,17613.05,17667.1,2031450.0
2021-09-29 08:45:00,NSE:NIFTY1!,17667.0,17690.25,17617.8,17658.1,1078950.0
2021-09-29 09:45:00,NSE:NIFTY1!,17660.35,17683.0,17638.4,17654.15,829150.0
2021-09-29 10:45:00,NSE:NIFTY1!,17655.0,17709.0,17640.35,17709.0,1069350.0
2021-09-29 11:45:00,NSE:NIFTY1!,17711.85,17749.35,17694.25,17745.85,1464650.0
2021-09-29 12:45:00,NSE:NIFTY1!,17745.45,17794.05,17692.0,17693.4,1906650.0
2021-09-29 13:45:00,NSE:NIFTY1!,17693.85,17717.8,17683.05,17710.35,532050.0
2021-09-30 07:45:00,NSE:NIFTY1!,17697.3,17728.6,17650.0,17697.35,1663800.0
2021-09-30 08:45:00,NSE:NIFTY1!,17699.15,17704.4,17664.8,17687.45,961150.0
2021-09-30 09:45:00,NSE:NIFTY1!,17684.4,17740.2,17682.45,17729.4,1362750.0
2021-09-30 10:45:00,NSE:NIFTY1!,17729.15,17732.0,17614.0,17640.85,1626500.0
2021-09-30 11:45:00,NSE:NIFTY1!,17638.0,17673.55,17592.05,17632.0,1437300.0
2021-09-30 12:45:00,NSE:NIFTY1!,17631.9,17655.0,17580.5,17626.1,1248600.0
2021-09-30 13:45:00,NSE:NIFTY1!,17628.8,17629.75,17611.35,17619.5,613600.0
2021-10-01 07:45:00,NSE:NIFTY1!,17523.7,17523.7,17433.0,17460.15,2997700.0
2021-10-01 08:45:00,NSE:NIFTY1!,17458.8,17544.25,17458.2,17519.3,1149350.0
2021-10-01 09:45:00,NSE:NIFTY1!,17518.75,17528.25,17448.0,17460.1,809700.0
2021-10-01 10:45:00,NSE:NIFTY1!,17462.9,17516.7,17451.1,17498.9,676800.0
2021-10-01 11:45:00,NSE:NIFTY1!,17496.6,17528.0,17473.4,17525.7,594250.0
2021-10-01 12:45:00,NSE:NIFTY1!,17525.95,17562.3,17502.05,17524.0,1073500.0
2021-10-01 13:45:00,NSE:NIFTY1!,17524.0,17529.65,17507.15,17525.75,651650.0
2021-10-04 07:45:00,NSE:NIFTY1!,17571.0,17715.6,17560.05,17704.55,2331200.0
2021-10-04 08:45:00,NSE:NIFTY1!,17705.5,17745.0,17700.75,17719.25,1045000.0
2021-10-04 09:45:00,NSE:NIFTY1!,17721.8,17728.0,17681.2,17697.0,697500.0
2021-10-04 10:45:00,NSE:NIFTY1!,17695.0,17699.4,17642.25,17680.85,911350.0
2021-10-04 11:45:00,NSE:NIFTY1!,17681.95,17724.0,17676.0,17700.1,662850.0
2021-10-04 12:45:00,NSE:NIFTY1!,17701.0,17718.0,17687.3,17714.5,691200.0
2021-10-04 13:45:00,NSE:NIFTY1!,17711.95,17715.0,17701.15,17710.0,555900.0
2021-10-05 07:45:00,NSE:NIFTY1!,17645.0,17687.45,17631.0,17671.7,1522700.0
2021-10-05 08:45:00,NSE:NIFTY1!,17671.65,17698.0,17667.0,17677.0,621650.0
2021-10-05 09:45:00,NSE:NIFTY1!,17676.5,17700.0,17670.3,17689.95,394700.0
2021-10-05 10:45:00,NSE:NIFTY1!,17689.95,17775.0,17685.0,17767.05,1250400.0
2021-10-05 11:45:00,NSE:NIFTY1!,17766.05,17807.7,17750.0,17806.9,785700.0
2021-10-05 12:45:00,NSE:NIFTY1!,17808.0,17840.0,17790.0,17833.7,1194200.0
2021-10-05 13:45:00,NSE:NIFTY1!,17833.95,17839.0,17827.25,17837.05,522050.0
2021-10-06 07:45:00,NSE:NIFTY1!,17838.7,17863.95,17810.6,17818.0,1960650.0
2021-10-06 08:45:00,NSE:NIFTY1!,17817.95,17831.3,17762.0,17805.7,1149800.0
2021-10-06 09:45:00,NSE:NIFTY1!,17806.5,17847.8,17805.05,17845.7,548600.0
2021-10-06 10:45:00,NSE:NIFTY1!,17846.3,17865.0,17754.95,17759.2,1282350.0
2021-10-06 11:45:00,NSE:NIFTY1!,17758.85,17758.85,17693.5,17737.2,2076700.0
2021-10-06 12:45:00,NSE:NIFTY1!,17736.3,17737.1,17613.4,17627.05,2263250.0
2021-10-06 13:45:00,NSE:NIFTY1!,17627.8,17634.0,17603.0,17610.3,997000.0
2021-10-07 07:45:00,NSE:NIFTY1!,17772.55,17833.05,17753.15,17813.2,2618850.0
2021-10-07 08:45:00,NSE:NIFTY1!,17812.85,17830.0,17791.65,17817.0,869450.0
2021-10-07 09:45:00,NSE:NIFTY1!,17815.1,17877.95,17803.0,17861.0,1241100.0
2021-10-07 10:45:00,NSE:NIFTY1!,17860.0,17880.0,17846.1,17872.05,701200.0
2021-10-07 11:45:00,NSE:NIFTY1!,17874.15,17884.0,17833.25,17867.45,811350.0
2021-10-07 12:45:00,NSE:NIFTY1!,17866.85,17866.85,17797.05,17798.05,1223400.0
2021-10-07 13:45:00,NSE:NIFTY1!,17799.05,17822.2,17791.85,17820.0,558000.0
2021-10-08 07:45:00,NSE:NIFTY1!,17883.8,17898.5,17835.3,17886.1,1772950.0
2021-10-08 08:45:00,NSE:NIFTY1!,17888.9,17940.0,17872.15,17897.35,1291450.0
2021-10-08 09:45:00,NSE:NIFTY1!,17898.0,17920.0,17861.05,17868.2,513500.0
2021-10-08 10:45:00,NSE:NIFTY1!,17865.0,17887.75,17842.9,17873.75,858450.0
2021-10-08 11:45:00,NSE:NIFTY1!,17873.25,17915.0,17868.0,17915.0,482350.0
2021-10-08 12:45:00,NSE:NIFTY1!,17915.0,17932.75,17888.7,17900.05,839900.0
2021-10-08 13:45:00,NSE:NIFTY1!,17900.05,17913.15,17897.0,17911.1,600650.0
2021-10-11 07:45:00,NSE:NIFTY1!,17898.5,17980.0,17860.0,17975.95,1293800.0
2021-10-11 08:45:00,NSE:NIFTY1!,17977.05,18032.0,17969.0,18029.7,866950.0
2021-10-11 09:45:00,NSE:NIFTY1!,18029.0,18042.25,17987.95,18016.9,710400.0
2021-10-11 10:45:00,NSE:NIFTY1!,18016.7,18059.6,18016.1,18028.0,757200.0
2021-10-11 11:45:00,NSE:NIFTY1!,18029.0,18057.25,18005.0,18037.05,652000.0
2021-10-11 12:45:00,NSE:NIFTY1!,18037.9,18038.45,17967.25,17974.2,961150.0
2021-10-11 13:45:00,NSE:NIFTY1!,17973.05,17980.85,17958.15,17975.35,604600.0
2021-10-12 07:45:00,NSE:NIFTY1!,17919.0,17975.0,17885.65,17946.55,1686200.0
2021-10-12 08:45:00,NSE:NIFTY1!,17946.2,17951.95,17882.0,17913.8,887950.0
2021-10-12 09:45:00,NSE:NIFTY1!,17912.0,17927.25,17862.6,17893.95,855900.0
2021-10-12 10:45:00,NSE:NIFTY1!,17893.95,17940.8,17880.0,17927.0,615050.0
2021-10-12 11:45:00,NSE:NIFTY1!,17927.0,17971.95,17901.0,17969.0,657450.0
2021-10-12 12:45:00,NSE:NIFTY1!,17969.0,17995.55,17965.65,17994.05,955950.0
2021-10-12 13:45:00,NSE:NIFTY1!,17994.05,18015.0,17994.05,18007.0,662100.0
2021-10-13 07:45:00,NSE:NIFTY1!,18050.0,18124.75,18042.0,18116.7,1636600.0
2021-10-13 08:45:00,NSE:NIFTY1!,18116.0,18137.8,18098.5,18132.7,580950.0
2021-10-13 09:45:00,NSE:NIFTY1!,18134.4,18149.0,18107.0,18141.5,767000.0
2021-10-13 10:45:00,NSE:NIFTY1!,18142.1,18174.5,18135.0,18172.0,696750.0
2021-10-13 11:45:00,NSE:NIFTY1!,18174.35,18207.95,18164.1,18175.0,1556350.0
2021-10-13 12:45:00,NSE:NIFTY1!,18175.0,18200.65,18165.0,18177.1,955250.0
2021-10-13 13:45:00,NSE:NIFTY1!,18177.1,18179.4,18165.45,18176.5,520550.0
2021-10-14 07:45:00,NSE:NIFTY1!,18260.0,18283.65,18240.0,18268.1,1611200.0
2021-10-14 08:45:00,NSE:NIFTY1!,18268.1,18296.8,18261.3,18295.5,505850.0
2021-10-14 09:45:00,NSE:NIFTY1!,18295.2,18318.8,18291.75,18310.7,624650.0
2021-10-14 10:45:00,NSE:NIFTY1!,18311.0,18314.0,18278.6,18298.0,734550.0
2021-10-14 11:45:00,NSE:NIFTY1!,18298.15,18330.0,18265.15,18320.95,967200.0
2021-10-14 12:45:00,NSE:NIFTY1!,18320.8,18358.95,18311.1,18356.95,1046150.0
2021-10-14 13:45:00,NSE:NIFTY1!,18357.05,18365.9,18350.0,18356.7,865750.0
2021-10-18 07:45:00,NSE:NIFTY1!,18456.25,18518.0,18436.1,18487.35,2216900.0
2021-10-18 08:45:00,NSE:NIFTY1!,18487.5,18509.55,18477.0,18486.1,622750.0
2021-10-18 09:45:00,NSE:NIFTY1!,18486.0,18507.8,18478.0,18500.0,417000.0
2021-10-18 10:45:00,NSE:NIFTY1!,18500.4,18543.25,18491.0,18497.0,845650.0
2021-10-18 11:45:00,NSE:NIFTY1!,18497.1,18534.1,18472.0,18529.0,784550.0
2021-10-18 12:45:00,NSE:NIFTY1!,18529.15,18531.95,18487.2,18492.6,1000400.0
2021-10-18 13:45:00,NSE:NIFTY1!,18492.35,18495.35,18482.0,18490.85,499700.0
2021-10-19 07:45:00,NSE:NIFTY1!,18578.9,18594.0,18411.0,18457.85,2737900.0
2021-10-19 08:45:00,NSE:NIFTY1!,18457.0,18544.7,18438.65,18532.0,1368900.0
2021-10-19 09:45:00,NSE:NIFTY1!,18533.0,18577.45,18528.35,18570.05,703650.0
2021-10-19 10:45:00,NSE:NIFTY1!,18573.55,18593.4,18551.05,18577.0,557150.0
2021-10-19 11:45:00,NSE:NIFTY1!,18580.0,18585.0,18507.0,18519.4,940550.0
2021-10-19 12:45:00,NSE:NIFTY1!,18518.45,18541.9,18405.2,18417.75,2466900.0
2021-10-19 13:45:00,NSE:NIFTY1!,18419.85,18445.4,18395.1,18441.5,1242250.0
2021-10-20 07:45:00,NSE:NIFTY1!,18430.1,18466.8,18350.0,18453.25,2465800.0
2021-10-20 08:45:00,NSE:NIFTY1!,18452.6,18459.0,18385.05,18422.5,775900.0
2021-10-20 09:45:00,NSE:NIFTY1!,18421.0,18441.95,18326.25,18326.35,1434200.0
2021-10-20 10:45:00,NSE:NIFTY1!,18325.35,18370.0,18310.05,18365.0,1615150.0
2021-10-20 11:45:00,NSE:NIFTY1!,18367.65,18385.0,18275.25,18292.35,1673650.0
2021-10-20 12:45:00,NSE:NIFTY1!,18289.9,18328.95,18251.15,18303.0,2250000.0
2021-10-20 13:45:00,NSE:NIFTY1!,18303.1,18330.0,18300.0,18320.0,613500.0
2021-10-21 07:45:00,NSE:NIFTY1!,18365.5,18366.0,18253.1,18261.3,1638600.0
2021-10-21 08:45:00,NSE:NIFTY1!,18263.0,18265.4,18139.1,18153.8,2085950.0
2021-10-21 09:45:00,NSE:NIFTY1!,18153.75,18211.95,18131.1,18177.6,1208200.0
2021-10-21 10:45:00,NSE:NIFTY1!,18177.0,18195.0,18140.55,18160.0,818700.0
2021-10-21 11:45:00,NSE:NIFTY1!,18161.3,18170.85,18092.0,18102.35,1326750.0
2021-10-21 12:45:00,NSE:NIFTY1!,18104.85,18218.85,18077.5,18188.6,2057350.0
2021-10-21 13:45:00,NSE:NIFTY1!,18188.9,18244.9,18188.9,18239.0,679350.0
2021-10-22 07:45:00,NSE:NIFTY1!,18247.8,18318.0,18222.55,18279.65,1920350.0
2021-10-22 08:45:00,NSE:NIFTY1!,18282.95,18290.0,18238.05,18265.0,784550.0
2021-10-22 09:45:00,NSE:NIFTY1!,18263.15,18273.0,18145.5,18156.35,1603050.0
2021-10-22 10:45:00,NSE:NIFTY1!,18156.95,18187.0,18090.0,18094.55,1196600.0
2021-10-22 11:45:00,NSE:NIFTY1!,18097.4,18161.65,18078.0,18148.5,1475100.0
2021-10-22 12:45:00,NSE:NIFTY1!,18148.55,18170.9,18051.1,18147.45,1861950.0
2021-10-22 13:45:00,NSE:NIFTY1!,18148.9,18153.1,18130.0,18138.85,522850.0
2021-10-25 07:45:00,NSE:NIFTY1!,18220.0,18224.4,17986.6,18022.05,2887200.0
2021-10-25 08:45:00,NSE:NIFTY1!,18021.4,18139.8,18011.0,18131.5,1503750.0
2021-10-25 09:45:00,NSE:NIFTY1!,18133.2,18234.35,18130.05,18173.0,1673300.0
2021-10-25 10:45:00,NSE:NIFTY1!,18168.9,18198.0,18130.35,18165.0,704950.0
2021-10-25 11:45:00,NSE:NIFTY1!,18162.2,18210.0,18117.05,18118.0,882700.0
2021-10-25 12:45:00,NSE:NIFTY1!,18113.2,18163.4,18075.75,18140.5,1307650.0
2021-10-25 13:45:00,NSE:NIFTY1!,18139.95,18153.75,18135.25,18150.15,402850.0
2021-10-26 07:45:00,NSE:NIFTY1!,18180.05,18285.0,18157.15,18260.0,1750400.0
2021-10-26 08:45:00,NSE:NIFTY1!,18258.65,18269.8,18142.0,18178.65,1311900.0
2021-10-26 09:45:00,NSE:NIFTY1!,18177.55,18198.75,18108.1,18177.95,1013150.0
2021-10-26 10:45:00,NSE:NIFTY1!,18176.55,18197.5,18123.25,18176.2,942950.0
2021-10-26 11:45:00,NSE:NIFTY1!,18173.5,18264.05,18171.35,18263.8,1284200.0
2021-10-26 12:45:00,NSE:NIFTY1!,18263.6,18300.0,18234.65,18299.95,1220550.0
2021-10-26 13:45:00,NSE:NIFTY1!,18300.0,18350.0,18300.0,18350.0,830200.0
2021-10-27 07:45:00,NSE:NIFTY1!,18308.0,18338.45,18268.0,18301.0,1539500.0
2021-10-27 08:45:00,NSE:NIFTY1!,18301.4,18322.0,18270.7,18314.9,697750.0
2021-10-27 09:45:00,NSE:NIFTY1!,18314.9,18350.0,18305.1,18305.1,1157700.0
2021-10-27 10:45:00,NSE:NIFTY1!,18305.1,18330.1,18296.55,18321.3,872650.0
2021-10-27 11:45:00,NSE:NIFTY1!,18322.0,18344.9,18310.55,18324.5,839600.0
2021-10-27 12:45:00,NSE:NIFTY1!,18324.95,18335.0,18201.2,18236.8,2044200.0
2021-10-27 13:45:00,NSE:NIFTY1!,18236.8,18239.2,18181.0,18199.05,587150.0
2021-10-28 07:45:00,NSE:NIFTY1!,18194.7,18205.9,18065.0,18096.25,1576050.0
2021-10-28 08:45:00,NSE:NIFTY1!,18094.15,18107.55,18020.95,18053.55,1043050.0
2021-10-28 09:45:00,NSE:NIFTY1!,18054.0,18089.0,18033.2,18037.05,959550.0
2021-10-28 10:45:00,NSE:NIFTY1!,18038.0,18049.0,17990.0,18009.35,1010350.0
2021-10-28 11:45:00,NSE:NIFTY1!,18008.25,18038.0,17937.05,17959.0,1125400.0
2021-10-28 12:45:00,NSE:NIFTY1!,17958.3,17974.9,17867.0,17872.8,1559650.0
2021-10-28 13:45:00,NSE:NIFTY1!,17874.1,17877.75,17849.3,17858.9,365300.0
2021-10-29 07:45:00,NSE:NIFTY1!,17860.7,17899.3,17676.4,17888.9,4763050.0
2021-10-29 08:45:00,NSE:NIFTY1!,17887.15,17944.0,17848.4,17867.8,1529700.0
2021-10-29 09:45:00,NSE:NIFTY1!,17868.55,17907.25,17825.0,17854.1,740250.0
2021-10-29 10:45:00,NSE:NIFTY1!,17852.55,17868.05,17762.25,17780.0,1315450.0
2021-10-29 11:45:00,NSE:NIFTY1!,17780.0,17814.0,17681.5,17687.35,1651450.0
2021-10-29 12:45:00,NSE:NIFTY1!,17686.9,17805.0,17659.25,17687.75,2499600.0
2021-10-29 13:45:00,NSE:NIFTY1!,17690.0,17759.75,17680.6,17745.2,881800.0
2021-11-01 07:45:00,NSE:NIFTY1!,17748.0,17855.0,17730.05,17803.7,2325150.0
2021-11-01 08:45:00,NSE:NIFTY1!,17801.0,17820.0,17753.0,17800.95,664750.0
2021-11-01 09:45:00,NSE:NIFTY1!,17800.05,17843.7,17775.0,17835.05,531550.0
2021-11-01 10:45:00,NSE:NIFTY1!,17835.9,17888.0,17822.0,17888.0,894800.0
2021-11-01 11:45:00,NSE:NIFTY1!,17887.0,18015.0,17882.05,17985.8,2573500.0
2021-11-01 12:45:00,NSE:NIFTY1!,17985.9,18037.75,17978.7,18010.6,1302250.0
2021-11-01 13:45:00,NSE:NIFTY1!,18011.95,18027.0,17993.65,18017.0,905050.0
2021-11-02 07:45:00,NSE:NIFTY1!,18010.05,18038.0,17940.1,17959.55,2348000.0
2021-11-02 08:45:00,NSE:NIFTY1!,17959.35,17976.6,17893.75,17968.0,1258300.0
2021-11-02 09:45:00,NSE:NIFTY1!,17969.0,17986.8,17930.25,17970.1,806500.0
2021-11-02 10:45:00,NSE:NIFTY1!,17970.0,17979.7,17901.25,17930.85,711600.0
2021-11-02 11:45:00,NSE:NIFTY1!,17931.35,17965.0,17861.0,17903.0,1122400.0
2021-11-02 12:45:00,NSE:NIFTY1!,17902.05,17958.2,17881.0,17923.95,964850.0
2021-11-02 13:45:00,NSE:NIFTY1!,17923.95,17929.6,17905.1,17922.95,529250.0
2021-11-03 07:45:00,NSE:NIFTY1!,17961.05,18019.8,17944.5,17996.45,1648200.0
2021-11-03 08:45:00,NSE:NIFTY1!,17998.0,18006.85,17980.3,18004.05,362150.0
2021-11-03 09:45:00,NSE:NIFTY1!,18005.0,18012.0,17908.55,17917.55,1010400.0
2021-11-03 10:45:00,NSE:NIFTY1!,17919.35,17919.35,17817.1,17821.6,1358600.0
2021-11-03 11:45:00,NSE:NIFTY1!,17823.9,17935.0,17801.5,17872.25,1760600.0
2021-11-03 12:45:00,NSE:NIFTY1!,17870.55,17873.0,17770.0,17835.75,1964150.0
2021-11-03 13:45:00,NSE:NIFTY1!,17836.0,17865.5,17823.9,17862.95,567350.0
2021-11-04 16:30:00,NSE:NIFTY1!,17900.0,17942.0,17900.0,17920.5,1199900.0
2021-11-04 17:30:00,NSE:NIFTY1!,17920.7,17925.0,17910.1,17925.0,265750.0
2021-11-08 07:45:00,NSE:NIFTY1!,17947.85,18010.0,17852.0,17881.45,1870700.0
2021-11-08 08:45:00,NSE:NIFTY1!,17876.0,17969.05,17860.0,17962.25,839200.0
2021-11-08 09:45:00,NSE:NIFTY1!,17963.0,18048.9,17893.5,18026.85,2045950.0
2021-11-08 10:45:00,NSE:NIFTY1!,18026.0,18113.9,18013.95,18109.3,1944800.0
2021-11-08 11:45:00,NSE:NIFTY1!,18110.75,18153.0,18077.1,18141.1,1328150.0
2021-11-08 12:45:00,NSE:NIFTY1!,18141.65,18150.3,18093.6,18114.7,1232500.0
2021-11-08 13:45:00,NSE:NIFTY1!,18110.45,18138.9,18107.25,18138.4,768500.0
2021-11-09 07:45:00,NSE:NIFTY1!,18130.0,18140.8,18063.35,18078.95,1753450.0
2021-11-09 08:45:00,NSE:NIFTY1!,18077.5,18089.75,18040.0,18061.15,800500.0
2021-11-09 09:45:00,NSE:NIFTY1!,18055.8,18099.65,18052.15,18063.05,662500.0
2021-11-09 10:45:00,NSE:NIFTY1!,18063.0,18081.75,18033.7,18072.0,782600.0
2021-11-09 11:45:00,NSE:NIFTY1!,18070.5,18097.75,17993.7,18031.7,1225250.0
2021-11-09 12:45:00,NSE:NIFTY1!,18030.6,18077.0,18008.0,18067.3,882750.0
2021-11-09 13:45:00,NSE:NIFTY1!,18070.0,18090.3,18067.8,18078.35,568500.0
2021-11-10 07:45:00,NSE:NIFTY1!,17989.65,17991.95,17925.2,17963.0,2100250.0
2021-11-10 08:45:00,NSE:NIFTY1!,17963.2,17972.2,17942.0,17969.05,559050.0
2021-11-10 09:45:00,NSE:NIFTY1!,17968.85,17975.4,17949.0,17965.0,392300.0
2021-11-10 10:45:00,NSE:NIFTY1!,17964.75,18003.7,17958.4,17990.5,761050.0
2021-11-10 11:45:00,NSE:NIFTY1!,17991.8,18086.0,17980.0,18073.45,1451300.0
2021-11-10 12:45:00,NSE:NIFTY1!,18073.45,18078.0,18014.75,18019.0,877300.0
2021-11-10 13:45:00,NSE:NIFTY1!,18017.7,18029.65,18010.0,18012.0,370900.0
2021-11-11 07:45:00,NSE:NIFTY1!,17985.0,17985.0,17865.6,17872.2,2515600.0
2021-11-11 08:45:00,NSE:NIFTY1!,17870.0,17875.0,17823.45,17836.8,1481550.0
2021-11-11 09:45:00,NSE:NIFTY1!,17836.25,17895.0,17834.0,17852.0,754050.0
2021-11-11 10:45:00,NSE:NIFTY1!,17851.0,17888.9,17829.05,17887.9,647650.0
2021-11-11 11:45:00,NSE:NIFTY1!,17886.75,17902.9,17811.9,17826.55,856450.0
2021-11-11 12:45:00,NSE:NIFTY1!,17828.0,17895.0,17807.1,17891.05,1340350.0
2021-11-11 13:45:00,NSE:NIFTY1!,17891.5,17912.2,17891.5,17912.2,747450.0
2021-11-12 07:45:00,NSE:NIFTY1!,17737.65,18018.0,17737.65,17973.35,1832000.0
2021-11-12 08:45:00,NSE:NIFTY1!,17972.0,17980.0,17920.2,17957.5,807750.0
2021-11-12 09:45:00,NSE:NIFTY1!,17957.5,17993.0,17952.0,17980.0,511350.0
2021-11-12 10:45:00,NSE:NIFTY1!,17980.0,18050.0,17972.0,18050.0,1074350.0
2021-11-12 11:45:00,NSE:NIFTY1!,18049.95,18129.0,18042.5,18127.0,1757100.0
2021-11-12 12:45:00,NSE:NIFTY1!,18129.4,18160.0,18106.05,18127.3,1358050.0
2021-11-12 13:45:00,NSE:NIFTY1!,18126.0,18144.6,18118.2,18142.0,647150.0
2021-11-15 07:45:00,NSE:NIFTY1!,18239.9,18410.0,18170.05,18179.0,1482350.0
2021-11-15 08:45:00,NSE:NIFTY1!,18178.0,18190.6,18150.0,18160.5,667500.0
2021-11-15 09:45:00,NSE:NIFTY1!,18159.05,18173.8,18100.0,18123.0,974900.0
2021-11-15 10:45:00,NSE:NIFTY1!,18123.0,18154.0,18082.0,18099.3,617500.0
2021-11-15 11:45:00,NSE:NIFTY1!,18096.0,18164.6,18090.0,18159.0,626800.0
2021-11-15 12:45:00,NSE:NIFTY1!,18159.95,18170.4,18119.45,18141.0,652350.0
2021-11-15 13:45:00,NSE:NIFTY1!,18142.9,18148.6,18128.0,18130.25,409300.0
2021-11-16 07:45:00,NSE:NIFTY1!,18120.0,18159.95,18043.5,18092.0,1571300.0
2021-11-16 08:45:00,NSE:NIFTY1!,18090.9,18093.4,18038.2,18044.5,532450.0
2021-11-16 09:45:00,NSE:NIFTY1!,18044.0,18104.9,18030.0,18100.2,778550.0
2021-11-16 10:45:00,NSE:NIFTY1!,18100.45,18139.1,18082.15,18138.95,733150.0
2021-11-16 11:45:00,NSE:NIFTY1!,18139.5,18144.0,18075.7,18081.0,658050.0
2021-11-16 12:45:00,NSE:NIFTY1!,18077.0,18077.0,17995.35,18014.35,1515100.0
2021-11-16 13:45:00,NSE:NIFTY1!,18016.0,18023.0,17978.4,17982.5,859500.0
2021-11-17 07:45:00,NSE:NIFTY1!,17934.0,17995.0,17911.5,17978.05,1416850.0
2021-11-17 08:45:00,NSE:NIFTY1!,17976.5,18028.8,17971.5,18009.85,890800.0
2021-11-17 09:45:00,NSE:NIFTY1!,18007.45,18013.5,17951.0,17963.45,576550.0
2021-11-17 10:45:00,NSE:NIFTY1!,17965.5,17998.0,17938.0,17996.05,555350.0
2021-11-17 11:45:00,NSE:NIFTY1!,17998.0,18025.0,17967.0,17981.8,803600.0
2021-11-17 12:45:00,NSE:NIFTY1!,17978.8,17993.5,17902.0,17904.5,1009750.0
2021-11-17 13:45:00,NSE:NIFTY1!,17902.55,17915.6,17894.35,17895.35,663150.0
2021-11-18 07:45:00,NSE:NIFTY1!,17890.0,17944.0,17709.0,17808.0,1667400.0
2021-11-18 08:45:00,NSE:NIFTY1!,17808.0,17808.0,17733.4,17773.5,1561150.0
2021-11-18 09:45:00,NSE:NIFTY1!,17773.3,17776.0,17711.05,17722.2,820400.0
2021-11-18 10:45:00,NSE:NIFTY1!,17723.4,17758.55,17692.1,17749.5,906500.0
2021-11-18 11:45:00,NSE:NIFTY1!,17750.0,17824.85,17747.7,17817.0,1200900.0
2021-11-18 12:45:00,NSE:NIFTY1!,17817.0,17854.1,17761.25,17774.55,1422000.0
2021-11-18 13:45:00,NSE:NIFTY1!,17779.3,17790.85,17766.05,17772.05,635550.0
2021-11-22 07:45:00,NSE:NIFTY1!,17797.75,17805.0,17636.0,17653.2,2355250.0
2021-11-22 08:45:00,NSE:NIFTY1!,17655.55,17668.75,17572.75,17574.0,1268050.0
2021-11-22 09:45:00,NSE:NIFTY1!,17572.1,17619.0,17450.0,17480.0,1435800.0
2021-11-22 10:45:00,NSE:NIFTY1!,17483.2,17529.0,17440.5,17505.0,1270450.0
2021-11-22 11:45:00,NSE:NIFTY1!,17504.8,17505.4,17402.1,17420.0,1094700.0
2021-11-22 12:45:00,NSE:NIFTY1!,17420.0,17449.0,17301.55,17412.0,2226500.0
2021-11-22 13:45:00,NSE:NIFTY1!,17416.0,17468.0,17416.0,17446.3,785050.0
2021-11-23 07:45:00,NSE:NIFTY1!,17325.0,17440.65,17250.0,17356.55,2660000.0
2021-11-23 08:45:00,NSE:NIFTY1!,17356.1,17416.45,17350.0,17393.2,905800.0
2021-11-23 09:45:00,NSE:NIFTY1!,17389.0,17508.0,17365.55,17472.35,1310700.0
2021-11-23 10:45:00,NSE:NIFTY1!,17465.9,17477.5,17401.1,17441.75,1187600.0
2021-11-23 11:45:00,NSE:NIFTY1!,17443.7,17537.95,17434.55,17525.1,1678550.0
2021-11-23 12:45:00,NSE:NIFTY1!,17527.0,17550.0,17486.3,17506.05,1417300.0
2021-11-23 13:45:00,NSE:NIFTY1!,17504.95,17509.85,17471.2,17491.0,478000.0
2021-11-24 07:45:00,NSE:NIFTY1!,17547.8,17571.5,17495.25,17528.6,1502500.0
2021-11-24 08:45:00,NSE:NIFTY1!,17527.95,17598.2,17526.45,17596.0,805150.0
2021-11-24 09:45:00,NSE:NIFTY1!,17596.15,17597.1,17541.3,17579.0,1298650.0
2021-11-24 10:45:00,NSE:NIFTY1!,17578.9,17605.0,17557.85,17587.75,736800.0
2021-11-24 11:45:00,NSE:NIFTY1!,17587.35,17604.0,17521.35,17528.0,982850.0
2021-11-24 12:45:00,NSE:NIFTY1!,17529.8,17529.8,17407.65,17409.0,2351100.0
2021-11-24 13:45:00,NSE:NIFTY1!,17409.75,17414.8,17360.0,17366.7,762200.0
2021-11-25 07:45:00,NSE:NIFTY1!,17320.5,17442.5,17320.5,17390.5,1669150.0
2021-11-25 08:45:00,NSE:NIFTY1!,17393.0,17466.55,17372.0,17463.7,971100.0
2021-11-25 09:45:00,NSE:NIFTY1!,17465.9,17528.95,17464.6,17522.0,1377300.0
2021-11-25 10:45:00,NSE:NIFTY1!,17523.45,17545.0,17446.0,17514.0,1304150.0
2021-11-25 11:45:00,NSE:NIFTY1!,17513.95,17532.8,17474.25,17508.9,1076150.0
2021-11-25 12:45:00,NSE:NIFTY1!,17505.05,17558.0,17500.05,17527.4,1741450.0
2021-11-25 13:45:00,NSE:NIFTY1!,17525.75,17537.5,17523.8,17534.05,495500.0
2021-11-26 07:45:00,NSE:NIFTY1!,17415.5,17427.95,17252.6,17275.0,4681500.0
2021-11-26 08:45:00,NSE:NIFTY1!,17277.95,17277.95,17120.25,17200.15,2718050.0
2021-11-26 09:45:00,NSE:NIFTY1!,17202.0,17229.75,17158.0,17171.5,1265350.0
2021-11-26 10:45:00,NSE:NIFTY1!,17172.05,17227.5,17150.05,17191.85,1003900.0
2021-11-26 11:45:00,NSE:NIFTY1!,17191.5,17195.0,17090.55,17147.35,1565100.0
2021-11-26 12:45:00,NSE:NIFTY1!,17149.3,17179.0,17015.05,17045.5,1971900.0
2021-11-26 13:45:00,NSE:NIFTY1!,17048.35,17069.0,17023.35,17031.75,1191000.0
2021-11-29 07:45:00,NSE:NIFTY1!,17094.75,17148.5,16850.1,17127.0,4932100.0
2021-11-29 08:45:00,NSE:NIFTY1!,17127.5,17138.0,17010.0,17126.0,1346700.0
2021-11-29 09:45:00,NSE:NIFTY1!,17130.0,17207.85,17110.2,17199.0,1617350.0
2021-11-29 10:45:00,NSE:NIFTY1!,17199.6,17206.9,17099.7,17122.55,985800.0
2021-11-29 11:45:00,NSE:NIFTY1!,17125.0,17198.8,17124.9,17168.8,878800.0
2021-11-29 12:45:00,NSE:NIFTY1!,17168.5,17168.5,17059.0,17093.3,1743550.0
2021-11-29 13:45:00,NSE:NIFTY1!,17097.0,17113.5,17083.75,17097.95,650800.0
2021-11-30 07:45:00,NSE:NIFTY1!,17089.75,17300.0,17068.0,17286.2,2757400.0
2021-11-30 08:45:00,NSE:NIFTY1!,17287.05,17347.0,17150.1,17159.05,2719100.0
2021-11-30 09:45:00,NSE:NIFTY1!,17157.2,17157.5,17000.0,17094.75,2968450.0
2021-11-30 10:45:00,NSE:NIFTY1!,17094.7,17165.0,17056.8,17103.4,1405050.0
2021-11-30 11:45:00,NSE:NIFTY1!,17103.35,17199.0,17091.7,17161.95,1432000.0
2021-11-30 12:45:00,NSE:NIFTY1!,17161.1,17190.0,17012.7,17025.4,2501850.0
2021-11-30 13:45:00,NSE:NIFTY1!,17025.7,17040.2,17002.65,17032.2,1663800.0
2021-12-01 07:45:00,NSE:NIFTY1!,17118.9,17225.0,17115.0,17150.0,2612050.0
2021-12-01 08:45:00,NSE:NIFTY1!,17147.5,17249.9,17136.25,17238.3,1427400.0
2021-12-01 09:45:00,NSE:NIFTY1!,17240.0,17250.0,17202.3,17210.8,1040550.0
2021-12-01 10:45:00,NSE:NIFTY1!,17211.55,17222.0,17174.1,17204.5,854950.0
2021-12-01 11:45:00,NSE:NIFTY1!,17205.0,17217.95,17118.7,17121.8,1302400.0
2021-12-01 12:45:00,NSE:NIFTY1!,17121.0,17240.0,17100.5,17223.55,1758350.0
2021-12-01 13:45:00,NSE:NIFTY1!,17223.75,17238.9,17220.7,17237.25,558800.0
2021-12-02 07:45:00,NSE:NIFTY1!,17205.0,17318.55,17170.0,17315.85,2689200.0
2021-12-02 08:45:00,NSE:NIFTY1!,17316.75,17331.0,17288.0,17315.45,972300.0
2021-12-02 09:45:00,NSE:NIFTY1!,17317.0,17365.35,17311.5,17316.0,1161050.0
2021-12-02 10:45:00,NSE:NIFTY1!,17314.5,17359.9,17311.5,17352.4,657050.0
2021-12-02 11:45:00,NSE:NIFTY1!,17350.05,17379.0,17316.85,17352.5,1258700.0
2021-12-02 12:45:00,NSE:NIFTY1!,17355.0,17439.0,17350.1,17434.95,1752000.0
2021-12-02 13:45:00,NSE:NIFTY1!,17434.9,17444.45,17431.95,17440.0,817350.0
2021-12-03 07:45:00,NSE:NIFTY1!,17468.7,17515.0,17382.25,17416.55,3169750.0
2021-12-03 08:45:00,NSE:NIFTY1!,17416.55,17437.05,17375.0,17433.1,1119150.0
2021-12-03 09:45:00,NSE:NIFTY1!,17433.6,17444.45,17395.0,17406.65,759750.0
2021-12-03 10:45:00,NSE:NIFTY1!,17409.0,17417.0,17311.1,17321.05,1618350.0
2021-12-03 11:45:00,NSE:NIFTY1!,17321.85,17334.95,17266.75,17267.2,1861550.0
2021-12-03 12:45:00,NSE:NIFTY1!,17266.3,17287.0,17220.0,17235.9,2056550.0
2021-12-03 13:45:00,NSE:NIFTY1!,17235.9,17255.3,17231.7,17252.5,618300.0
2021-12-06 07:45:00,NSE:NIFTY1!,17247.7,17255.55,17134.0,17188.05,2246350.0
2021-12-06 08:45:00,NSE:NIFTY1!,17187.55,17207.4,17141.25,17159.2,696750.0
2021-12-06 09:45:00,NSE:NIFTY1!,17158.75,17159.4,17094.0,17097.1,973500.0
2021-12-06 10:45:00,NSE:NIFTY1!,17097.05,17131.2,17076.0,17093.0,784600.0
2021-12-06 11:45:00,NSE:NIFTY1!,17093.0,17118.65,17030.05,17032.05,1020850.0
2021-12-06 12:45:00,NSE:NIFTY1!,17030.0,17047.0,16950.1,16951.8,2228400.0
2021-12-06 13:45:00,NSE:NIFTY1!,16952.0,16964.8,16942.05,16950.0,725950.0
2021-12-07 07:45:00,NSE:NIFTY1!,17053.8,17143.5,17016.6,17136.65,2813550.0
2021-12-07 08:45:00,NSE:NIFTY1!,17137.0,17219.0,17125.5,17215.0,1593150.0
2021-12-07 09:45:00,NSE:NIFTY1!,17215.0,17248.0,17197.95,17247.9,1014900.0
2021-12-07 10:45:00,NSE:NIFTY1!,17248.7,17263.7,17182.5,17238.5,1215950.0
2021-12-07 11:45:00,NSE:NIFTY1!,17239.3,17299.0,17233.0,17285.95,1152950.0
2021-12-07 12:45:00,NSE:NIFTY1!,17286.9,17308.95,17205.0,17220.05,1557150.0
2021-12-07 13:45:00,NSE:NIFTY1!,17221.0,17236.0,17215.65,17226.85,601100.0
2021-12-08 07:45:00,NSE:NIFTY1!,17343.0,17465.0,17327.0,17448.25,2683700.0
2021-12-08 08:45:00,NSE:NIFTY1!,17448.5,17464.45,17390.1,17447.8,899450.0
2021-12-08 09:45:00,NSE:NIFTY1!,17447.8,17485.0,17436.4,17458.75,801450.0
2021-12-08 10:45:00,NSE:NIFTY1!,17460.0,17475.5,17433.7,17467.05,534750.0
2021-12-08 11:45:00,NSE:NIFTY1!,17469.0,17507.0,17466.0,17495.45,1078950.0
2021-12-08 12:45:00,NSE:NIFTY1!,17496.95,17527.45,17468.25,17515.3,1263850.0
2021-12-08 13:45:00,NSE:NIFTY1!,17514.0,17517.1,17505.05,17512.0,665250.0
2021-12-09 07:45:00,NSE:NIFTY1!,17545.0,17578.95,17450.05,17452.95,2389150.0
2021-12-09 08:45:00,NSE:NIFTY1!,17452.0,17490.0,17416.6,17469.05,1446100.0
2021-12-09 09:45:00,NSE:NIFTY1!,17468.0,17517.55,17451.1,17517.55,713500.0
2021-12-09 10:45:00,NSE:NIFTY1!,17518.0,17590.9,17510.05,17586.5,1261200.0
2021-12-09 11:45:00,NSE:NIFTY1!,17587.25,17589.4,17515.3,17530.0,863350.0
2021-12-09 12:45:00,NSE:NIFTY1!,17528.1,17571.65,17491.45,17562.0,1325400.0
2021-12-09 13:45:00,NSE:NIFTY1!,17562.0,17566.4,17553.15,17557.35,562000.0
2021-12-10 07:45:00,NSE:NIFTY1!,17532.0,17569.0,17465.3,17481.0,2003300.0
2021-12-10 08:45:00,NSE:NIFTY1!,17480.25,17527.5,17468.5,17492.1,715800.0
2021-12-10 09:45:00,NSE:NIFTY1!,17492.15,17515.0,17471.05,17478.5,524200.0
2021-12-10 10:45:00,NSE:NIFTY1!,17482.0,17489.25,17435.45,17453.75,1116000.0
2021-12-10 11:45:00,NSE:NIFTY1!,17453.7,17518.95,17436.3,17506.0,927050.0
2021-12-10 12:45:00,NSE:NIFTY1!,17506.95,17574.95,17480.0,17574.95,1400050.0
2021-12-10 13:45:00,NSE:NIFTY1!,17574.95,17585.0,17541.1,17549.0,827650.0
2021-12-13 07:45:00,NSE:NIFTY1!,17637.65,17688.0,17633.5,17664.7,1741800.0
2021-12-13 08:45:00,NSE:NIFTY1!,17662.95,17665.75,17611.0,17613.0,1073250.0
2021-12-13 09:45:00,NSE:NIFTY1!,17611.65,17626.55,17580.0,17599.25,1091200.0
2021-12-13 10:45:00,NSE:NIFTY1!,17600.2,17605.9,17410.8,17435.0,2613150.0
2021-12-13 11:45:00,NSE:NIFTY1!,17432.65,17502.9,17404.25,17419.0,1641950.0
2021-12-13 12:45:00,NSE:NIFTY1!,17416.35,17477.3,17405.65,17443.5,1238400.0
2021-12-13 13:45:00,NSE:NIFTY1!,17446.0,17464.75,17437.0,17462.0,585950.0
2021-12-14 07:45:00,NSE:NIFTY1!,17340.0,17388.05,17230.0,17321.3,2446550.0
2021-12-14 08:45:00,NSE:NIFTY1!,17323.3,17323.3,17265.0,17305.1,1212200.0
2021-12-14 09:45:00,NSE:NIFTY1!,17306.25,17397.85,17294.0,17386.25,1342500.0
2021-12-14 10:45:00,NSE:NIFTY1!,17384.0,17409.55,17338.0,17387.6,918550.0
2021-12-14 11:45:00,NSE:NIFTY1!,17388.15,17424.0,17312.55,17331.0,1371050.0
2021-12-14 12:45:00,NSE:NIFTY1!,17330.05,17368.9,17292.3,17353.3,1315650.0
2021-12-14 13:45:00,NSE:NIFTY1!,17352.2,17365.0,17345.0,17350.0,517850.0
2021-12-15 07:45:00,NSE:NIFTY1!,17325.0,17379.5,17255.0,17285.05,1958450.0
2021-12-15 08:45:00,NSE:NIFTY1!,17286.6,17290.6,17217.0,17251.0,1248900.0
2021-12-15 09:45:00,NSE:NIFTY1!,17253.4,17329.75,17250.0,17279.35,1026550.0
2021-12-15 10:45:00,NSE:NIFTY1!,17278.5,17288.95,17232.25,17268.95,600800.0
2021-12-15 11:45:00,NSE:NIFTY1!,17268.95,17328.9,17258.0,17318.0,953050.0
2021-12-15 12:45:00,NSE:NIFTY1!,17318.3,17354.25,17256.75,17257.95,1508300.0
2021-12-15 13:45:00,NSE:NIFTY1!,17256.6,17268.55,17242.0,17255.0,726450.0
2021-12-16 07:45:00,NSE:NIFTY1!,17390.0,17400.0,17273.0,17300.0,2426950.0
2021-12-16 08:45:00,NSE:NIFTY1!,17300.25,17337.35,17289.65,17323.55,626900.0
2021-12-16 09:45:00,NSE:NIFTY1!,17323.85,17335.5,17245.5,17262.6,1252650.0
2021-12-16 10:45:00,NSE:NIFTY1!,17264.0,17339.35,17235.65,17300.0,1451400.0
2021-12-16 11:45:00,NSE:NIFTY1!,17300.0,17325.9,17267.0,17272.75,856000.0
2021-12-16 12:45:00,NSE:NIFTY1!,17270.05,17303.2,17233.0,17294.5,1525400.0
2021-12-16 13:45:00,NSE:NIFTY1!,17294.45,17348.85,17294.45,17344.85,1225800.0
2021-12-17 07:45:00,NSE:NIFTY1!,17310.05,17310.05,17080.0,17122.0,3465000.0
2021-12-17 08:45:00,NSE:NIFTY1!,17122.95,17124.4,17031.0,17059.5,1477850.0
2021-12-17 09:45:00,NSE:NIFTY1!,17060.65,17087.45,17016.0,17030.55,1037700.0
2021-12-17 10:45:00,NSE:NIFTY1!,17031.9,17098.0,17015.6,17071.0,875150.0
2021-12-17 11:45:00,NSE:NIFTY1!,17072.45,17128.0,17066.0,17097.35,938550.0
2021-12-17 12:45:00,NSE:NIFTY1!,17097.35,17104.0,17000.0,17021.5,1948950.0
2021-12-17 13:45:00,NSE:NIFTY1!,17021.8,17044.2,17011.55,17024.5,948750.0
2021-12-20 07:45:00,NSE:NIFTY1!,16848.7,16918.7,16630.1,16649.55,4397850.0
2021-12-20 08:45:00,NSE:NIFTY1!,16650.1,16665.5,16602.3,16617.5,1816650.0
2021-12-20 09:45:00,NSE:NIFTY1!,16617.75,16627.8,16562.8,16568.5,1113800.0
2021-12-20 10:45:00,NSE:NIFTY1!,16569.25,16569.95,16431.3,16468.65,2070400.0
2021-12-20 11:45:00,NSE:NIFTY1!,16463.6,16574.1,16463.25,16536.35,1986100.0
2021-12-20 12:45:00,NSE:NIFTY1!,16539.7,16655.0,16538.35,16643.6,2665250.0
2021-12-20 13:45:00,NSE:NIFTY1!,16645.4,16658.9,16626.85,16626.85,749200.0
2021-12-21 07:45:00,NSE:NIFTY1!,16751.0,16863.95,16736.3,16835.0,3786850.0
2021-12-21 08:45:00,NSE:NIFTY1!,16832.55,16923.75,16832.55,16905.35,1426250.0
2021-12-21 09:45:00,NSE:NIFTY1!,16906.8,16948.0,16878.0,16943.45,963400.0
2021-12-21 10:45:00,NSE:NIFTY1!,16943.4,16955.0,16883.85,16902.8,1167400.0
2021-12-21 11:45:00,NSE:NIFTY1!,16899.0,16919.9,16808.0,16811.25,1417550.0
2021-12-21 12:45:00,NSE:NIFTY1!,16811.05,16830.0,16708.5,16809.0,2484100.0
2021-12-21 13:45:00,NSE:NIFTY1!,16806.65,16814.8,16797.0,16814.5,460600.0
2021-12-22 07:45:00,NSE:NIFTY1!,16877.0,16934.0,16855.0,16895.0,1817850.0
2021-12-22 08:45:00,NSE:NIFTY1!,16894.1,16909.55,16832.2,16882.05,1117250.0
2021-12-22 09:45:00,NSE:NIFTY1!,16881.65,16924.5,16873.85,16892.45,649850.0
2021-12-22 10:45:00,NSE:NIFTY1!,16890.95,16940.0,16884.0,16885.0,776300.0
2021-12-22 11:45:00,NSE:NIFTY1!,16884.0,16921.35,16862.05,16895.9,802200.0
2021-12-22 12:45:00,NSE:NIFTY1!,16892.05,16983.5,16881.2,16963.85,1656900.0
2021-12-22 13:45:00,NSE:NIFTY1!,16963.15,16985.0,16961.3,16977.05,716300.0
2021-12-23 07:45:00,NSE:NIFTY1!,17075.0,17124.5,17046.65,17077.05,2096450.0
2021-12-23 08:45:00,NSE:NIFTY1!,17077.15,17089.95,17055.0,17069.0,988750.0
2021-12-23 09:45:00,NSE:NIFTY1!,17069.95,17100.55,17040.55,17093.0,890600.0
2021-12-23 10:45:00,NSE:NIFTY1!,17091.5,17111.8,17089.2,17103.7,544000.0
2021-12-23 11:45:00,NSE:NIFTY1!,17103.7,17150.0,17071.7,17078.25,1294800.0
2021-12-23 12:45:00,NSE:NIFTY1!,17078.25,17114.9,17067.4,17101.15,1217850.0
2021-12-23 13:45:00,NSE:NIFTY1!,17101.9,17101.9,17051.1,17059.0,841050.0
2021-12-24 07:45:00,NSE:NIFTY1!,17150.0,17160.0,16935.0,16950.05,2901900.0
2021-12-24 08:45:00,NSE:NIFTY1!,16953.8,16984.45,16920.0,16972.0,972650.0
2021-12-24 09:45:00,NSE:NIFTY1!,16972.4,16999.0,16931.3,16996.95,582950.0
2021-12-24 10:45:00,NSE:NIFTY1!,16994.0,16998.05,16940.6,16945.0,491150.0
2021-12-24 11:45:00,NSE:NIFTY1!,16943.75,17061.95,16943.75,17057.0,1348750.0
2021-12-24 12:45:00,NSE:NIFTY1!,17056.35,17079.95,16981.05,17005.5,1516450.0
2021-12-24 13:45:00,NSE:NIFTY1!,17005.25,17015.0,16994.3,17002.5,465550.0
2021-12-27 07:45:00,NSE:NIFTY1!,16950.0,17008.05,16842.4,16971.9,2645400.0
2021-12-27 08:45:00,NSE:NIFTY1!,16973.4,17048.0,16960.75,17023.55,1260200.0
2021-12-27 09:45:00,NSE:NIFTY1!,17023.65,17038.0,16992.8,17028.0,712300.0
2021-12-27 10:45:00,NSE:NIFTY1!,17025.65,17075.0,17023.85,17042.25,880850.0
2021-12-27 11:45:00,NSE:NIFTY1!,17042.85,17110.0,17038.6,17096.2,1455100.0
2021-12-27 12:45:00,NSE:NIFTY1!,17096.0,17129.0,17058.35,17105.1,1131700.0
2021-12-27 13:45:00,NSE:NIFTY1!,17105.05,17120.0,17095.55,17120.0,626700.0
2021-12-28 07:45:00,NSE:NIFTY1!,17175.0,17223.65,17160.5,17216.0,1857550.0
2021-12-28 08:45:00,NSE:NIFTY1!,17217.0,17222.0,17172.15,17212.7,700800.0
2021-12-28 09:45:00,NSE:NIFTY1!,17216.9,17247.65,17212.2,17247.3,740600.0
2021-12-28 10:45:00,NSE:NIFTY1!,17246.95,17255.4,17214.0,17223.15,686650.0
2021-12-28 11:45:00,NSE:NIFTY1!,17224.65,17250.95,17210.25,17242.1,584600.0
2021-12-28 12:45:00,NSE:NIFTY1!,17242.6,17258.8,17166.15,17251.65,1399250.0
2021-12-28 13:45:00,NSE:NIFTY1!,17253.75,17257.15,17245.0,17252.45,453900.0
2021-12-29 07:45:00,NSE:NIFTY1!,17238.0,17287.0,17186.05,17260.2,1622350.0
2021-12-29 08:45:00,NSE:NIFTY1!,17259.8,17267.95,17205.4,17228.3,1067500.0
2021-12-29 09:45:00,NSE:NIFTY1!,17230.0,17244.65,17210.25,17214.45,546400.0
2021-12-29 10:45:00,NSE:NIFTY1!,17212.35,17246.2,17198.4,17234.8,1035350.0
2021-12-29 11:45:00,NSE:NIFTY1!,17233.1,17254.35,17220.25,17248.75,523150.0
2021-12-29 12:45:00,NSE:NIFTY1!,17252.0,17262.25,17227.6,17230.15,1133700.0
2021-12-29 13:45:00,NSE:NIFTY1!,17228.1,17233.3,17188.75,17199.6,657000.0
2021-12-30 07:45:00,NSE:NIFTY1!,17189.9,17245.0,17151.6,17242.45,1485650.0
2021-12-30 08:45:00,NSE:NIFTY1!,17242.45,17258.9,17227.0,17229.05,994900.0
2021-12-30 09:45:00,NSE:NIFTY1!,17229.05,17236.6,17204.95,17227.0,882800.0
2021-12-30 10:45:00,NSE:NIFTY1!,17227.0,17252.9,17223.6,17244.75,752600.0
2021-12-30 11:45:00,NSE:NIFTY1!,17245.7,17250.0,17216.8,17220.45,707000.0
2021-12-30 12:45:00,NSE:NIFTY1!,17220.35,17233.7,17185.0,17208.25,1193250.0
2021-12-30 13:45:00,NSE:NIFTY1!,17208.85,17208.85,17198.75,17207.2,483950.0
2021-12-31 07:45:00,NSE:NIFTY1!,17268.0,17405.0,17265.1,17399.0,2435600.0
2021-12-31 08:45:00,NSE:NIFTY1!,17401.7,17409.8,17373.0,17399.0,587600.0
2021-12-31 09:45:00,NSE:NIFTY1!,17399.0,17420.0,17388.0,17408.0,678200.0
2021-12-31 10:45:00,NSE:NIFTY1!,17409.1,17448.0,17402.0,17442.2,643000.0
2021-12-31 11:45:00,NSE:NIFTY1!,17443.8,17448.0,17398.25,17410.0,633650.0
2021-12-31 12:45:00,NSE:NIFTY1!,17411.65,17429.1,17396.2,17407.35,1194650.0
2021-12-31 13:45:00,NSE:NIFTY1!,17407.35,17423.3,17405.8,17420.0,784800.0
2022-01-03 07:45:00,NSE:NIFTY1!,17443.0,17537.0,17410.05,17531.5,2197100.0
2022-01-03 08:45:00,NSE:NIFTY1!,17531.9,17570.0,17520.2,17567.6,860550.0
2022-01-03 09:45:00,NSE:NIFTY1!,17570.0,17574.1,17557.0,17567.05,715150.0
2022-01-03 10:45:00,NSE:NIFTY1!,17565.0,17627.0,17564.9,17616.35,792750.0
2022-01-03 11:45:00,NSE:NIFTY1!,17617.4,17664.5,17606.0,17660.25,907850.0
2022-01-03 12:45:00,NSE:NIFTY1!,17661.5,17690.95,17655.1,17677.2,1658200.0
2022-01-03 13:45:00,NSE:NIFTY1!,17675.05,17692.3,17671.0,17690.0,847150.0
2022-01-04 07:45:00,NSE:NIFTY1!,17730.0,17764.65,17632.4,17763.45,2829850.0
2022-01-04 08:45:00,NSE:NIFTY1!,17763.65,17775.0,17725.6,17738.7,792050.0
2022-01-04 09:45:00,NSE:NIFTY1!,17737.0,17771.0,17705.15,17771.0,573050.0
2022-01-04 10:45:00,NSE:NIFTY1!,17772.5,17783.5,17744.5,17750.0,549750.0
2022-01-04 11:45:00,NSE:NIFTY1!,17750.6,17773.5,17714.8,17765.0,784400.0
2022-01-04 12:45:00,NSE:NIFTY1!,17767.55,17838.9,17765.85,17836.75,1188700.0
2022-01-04 13:45:00,NSE:NIFTY1!,17836.5,17870.8,17833.6,17857.25,824550.0
2022-01-05 07:45:00,NSE:NIFTY1!,17840.0,17885.0,17786.0,17876.05,2563400.0
2022-01-05 08:45:00,NSE:NIFTY1!,17877.4,17882.0,17821.0,17832.95,917850.0
2022-01-05 09:45:00,NSE:NIFTY1!,17830.1,17905.0,17823.0,17900.0,701300.0
2022-01-05 10:45:00,NSE:NIFTY1!,17900.55,17972.95,17895.45,17971.8,1097800.0
2022-01-05 11:45:00,NSE:NIFTY1!,17971.0,17984.1,17925.6,17952.65,972850.0
2022-01-05 12:45:00,NSE:NIFTY1!,17955.2,17985.0,17930.8,17969.75,1233300.0
2022-01-05 13:45:00,NSE:NIFTY1!,17969.85,17973.6,17942.45,17947.0,431750.0
2022-01-06 07:45:00,NSE:NIFTY1!,17830.0,17845.5,17711.0,17759.1,4222750.0
2022-01-06 08:45:00,NSE:NIFTY1!,17758.85,17772.0,17693.35,17709.2,1669800.0
2022-01-06 09:45:00,NSE:NIFTY1!,17705.75,17743.8,17695.0,17715.3,972150.0
2022-01-06 10:45:00,NSE:NIFTY1!,17716.1,17767.0,17685.65,17750.7,1346100.0
2022-01-06 11:45:00,NSE:NIFTY1!,17752.95,17809.0,17725.05,17767.0,1168050.0
2022-01-06 12:45:00,NSE:NIFTY1!,17766.45,17840.0,17765.0,17780.1,1819950.0
2022-01-06 13:45:00,NSE:NIFTY1!,17780.55,17799.8,17767.35,17799.8,801600.0
2022-01-07 07:45:00,NSE:NIFTY1!,17831.1,17937.95,17812.55,17925.7,2137400.0
2022-01-07 08:45:00,NSE:NIFTY1!,17924.0,17949.0,17855.0,17858.7,1153000.0
2022-01-07 09:45:00,NSE:NIFTY1!,17860.75,17898.0,17806.85,17831.0,1347300.0
2022-01-07 10:45:00,NSE:NIFTY1!,17830.75,17839.0,17736.0,17800.0,1546900.0
2022-01-07 11:45:00,NSE:NIFTY1!,17798.9,17834.8,17775.0,17777.0,813300.0
2022-01-07 12:45:00,NSE:NIFTY1!,17777.0,17860.0,17767.6,17853.85,1134700.0
2022-01-07 13:45:00,NSE:NIFTY1!,17854.0,17870.4,17843.05,17855.0,761650.0
2022-01-10 07:45:00,NSE:NIFTY1!,17925.0,18014.65,17905.2,18010.15,2150800.0
2022-01-10 08:45:00,NSE:NIFTY1!,18010.8,18018.0,17976.0,17999.65,890400.0
2022-01-10 09:45:00,NSE:NIFTY1!,17998.25,18003.5,17940.6,17979.5,946000.0
2022-01-10 10:45:00,NSE:NIFTY1!,17977.7,18019.25,17972.5,18005.5,584800.0
2022-01-10 11:45:00,NSE:NIFTY1!,18005.95,18024.2,17987.45,18002.7,554900.0
2022-01-10 12:45:00,NSE:NIFTY1!,18000.0,18054.0,17995.1,18048.9,935800.0
2022-01-10 13:45:00,NSE:NIFTY1!,18050.0,18058.3,18045.25,18054.95,629000.0
2022-01-11 07:45:00,NSE:NIFTY1!,18026.65,18083.95,18005.5,18021.65,1980950.0
2022-01-11 08:45:00,NSE:NIFTY1!,18022.0,18078.4,17994.75,18070.0,844200.0
2022-01-11 09:45:00,NSE:NIFTY1!,18070.0,18097.0,18060.3,18064.25,621300.0
2022-01-11 10:45:00,NSE:NIFTY1!,18064.25,18103.3,18055.05,18102.15,512550.0
2022-01-11 11:45:00,NSE:NIFTY1!,18103.0,18121.0,18072.65,18103.0,716100.0
2022-01-11 12:45:00,NSE:NIFTY1!,18103.0,18113.5,18033.5,18085.6,1313750.0
2022-01-11 13:45:00,NSE:NIFTY1!,18085.95,18092.5,18072.0,18085.5,642500.0
2022-01-12 07:45:00,NSE:NIFTY1!,18199.0,18212.85,18165.5,18186.6,1762900.0
2022-01-12 08:45:00,NSE:NIFTY1!,18186.1,18223.7,18175.25,18220.0,787600.0
2022-01-12 09:45:00,NSE:NIFTY1!,18221.2,18249.9,18212.05,18228.3,755550.0
2022-01-12 10:45:00,NSE:NIFTY1!,18228.0,18234.55,18212.25,18222.5,452950.0
2022-01-12 11:45:00,NSE:NIFTY1!,18222.4,18229.0,18191.9,18204.0,971350.0
2022-01-12 12:45:00,NSE:NIFTY1!,18204.0,18254.9,18195.0,18242.35,914650.0
2022-01-12 13:45:00,NSE:NIFTY1!,18242.4,18245.35,18226.35,18227.0,462950.0
2022-01-13 07:45:00,NSE:NIFTY1!,18266.0,18303.4,18221.1,18230.8,2347300.0
2022-01-13 08:45:00,NSE:NIFTY1!,18230.85,18253.95,18197.15,18247.9,1007600.0
2022-01-13 09:45:00,NSE:NIFTY1!,18247.9,18280.0,18244.7,18276.05,506150.0
2022-01-13 10:45:00,NSE:NIFTY1!,18277.5,18284.15,18240.1,18248.55,515800.0
2022-01-13 11:45:00,NSE:NIFTY1!,18245.7,18278.6,18216.65,18254.8,1030550.0
2022-01-13 12:45:00,NSE:NIFTY1!,18256.05,18295.8,18238.9,18295.75,803150.0
2022-01-13 13:45:00,NSE:NIFTY1!,18293.8,18297.95,18287.5,18289.95,563900.0
2022-01-14 07:45:00,NSE:NIFTY1!,18220.6,18258.3,18146.2,18223.15,2348950.0
2022-01-14 08:45:00,NSE:NIFTY1!,18224.85,18239.25,18187.0,18211.15,598450.0
2022-01-14 09:45:00,NSE:NIFTY1!,18211.15,18223.35,18174.25,18221.0,587150.0
2022-01-14 10:45:00,NSE:NIFTY1!,18220.4,18253.95,18208.7,18248.0,611650.0
2022-01-14 11:45:00,NSE:NIFTY1!,18248.95,18278.7,18236.4,18259.5,732950.0
2022-01-14 12:45:00,NSE:NIFTY1!,18258.0,18320.0,18243.0,18296.5,1074700.0
2022-01-14 13:45:00,NSE:NIFTY1!,18296.95,18302.05,18270.1,18279.75,452400.0
2022-01-17 07:45:00,NSE:NIFTY1!,18248.0,18323.4,18234.5,18298.85,1444150.0
2022-01-17 08:45:00,NSE:NIFTY1!,18298.95,18327.95,18282.5,18314.6,503750.0
2022-01-17 09:45:00,NSE:NIFTY1!,18316.5,18330.9,18300.0,18318.0,439050.0
2022-01-17 10:45:00,NSE:NIFTY1!,18318.0,18325.0,18302.7,18318.55,306800.0
2022-01-17 11:45:00,NSE:NIFTY1!,18318.55,18336.5,18285.9,18325.0,613500.0
2022-01-17 12:45:00,NSE:NIFTY1!,18325.95,18350.0,18320.2,18333.85,648400.0
2022-01-17 13:45:00,NSE:NIFTY1!,18334.0,18343.0,18330.35,18343.0,382550.0
2022-01-18 07:45:00,NSE:NIFTY1!,18354.0,18363.5,18222.05,18245.35,2445050.0
2022-01-18 08:45:00,NSE:NIFTY1!,18245.0,18256.95,18201.1,18245.85,1082850.0
2022-01-18 09:45:00,NSE:NIFTY1!,18246.0,18279.9,18243.35,18266.95,804800.0
2022-01-18 10:45:00,NSE:NIFTY1!,18267.7,18330.1,18263.45,18326.2,996250.0
2022-01-18 11:45:00,NSE:NIFTY1!,18324.0,18333.7,18255.9,18293.8,1057850.0
2022-01-18 12:45:00,NSE:NIFTY1!,18292.2,18295.35,18100.0,18109.95,3048950.0
2022-01-18 13:45:00,NSE:NIFTY1!,18110.4,18136.55,18100.15,18115.85,991600.0
2022-01-19 07:45:00,NSE:NIFTY1!,18094.0,18110.0,17967.45,18048.45,2939950.0
2022-01-19 08:45:00,NSE:NIFTY1!,18050.7,18076.6,17980.0,17981.55,1092900.0
2022-01-19 09:45:00,NSE:NIFTY1!,17981.15,18013.0,17954.0,17976.1,898500.0
2022-01-19 10:45:00,NSE:NIFTY1!,17976.05,17992.8,17906.55,17944.45,1370900.0
2022-01-19 11:45:00,NSE:NIFTY1!,17944.45,17961.1,17909.95,17956.8,1201050.0
2022-01-19 12:45:00,NSE:NIFTY1!,17957.05,17988.0,17925.0,17980.0,1237500.0
2022-01-19 13:45:00,NSE:NIFTY1!,17980.5,17985.0,17961.25,17975.5,533950.0
2022-01-20 07:45:00,NSE:NIFTY1!,17950.0,17968.7,17869.5,17878.85,2036950.0
2022-01-20 08:45:00,NSE:NIFTY1!,17878.6,17892.0,17836.0,17848.0,1121050.0
2022-01-20 09:45:00,NSE:NIFTY1!,17848.45,17855.55,17805.55,17822.9,1220250.0
2022-01-20 10:45:00,NSE:NIFTY1!,17822.9,17868.05,17802.05,17803.2,890300.0
2022-01-20 11:45:00,NSE:NIFTY1!,17802.6,17808.0,17710.0,17742.6,2359550.0
2022-01-20 12:45:00,NSE:NIFTY1!,17744.8,17814.5,17694.4,17813.3,2267050.0
2022-01-20 13:45:00,NSE:NIFTY1!,17813.9,17824.9,17798.25,17812.0,811350.0
2022-01-21 07:45:00,NSE:NIFTY1!,17670.05,17695.75,17542.0,17638.25,4377700.0
2022-01-21 08:45:00,NSE:NIFTY1!,17638.3,17655.75,17575.5,17626.4,1241050.0
2022-01-21 09:45:00,NSE:NIFTY1!,17626.0,17665.1,17601.25,17664.3,759750.0
2022-01-21 10:45:00,NSE:NIFTY1!,17664.85,17723.15,17642.2,17715.0,1141350.0
2022-01-21 11:45:00,NSE:NIFTY1!,17714.0,17719.9,17606.45,17615.35,1570650.0
2022-01-21 12:45:00,NSE:NIFTY1!,17618.25,17644.4,17502.5,17622.4,3510750.0
2022-01-21 13:45:00,NSE:NIFTY1!,17622.5,17654.5,17622.5,17647.9,604750.0
2022-01-24 07:45:00,NSE:NIFTY1!,17550.0,17602.95,17425.9,17440.5,2685000.0
2022-01-24 08:45:00,NSE:NIFTY1!,17438.0,17445.25,17391.1,17411.9,1583900.0
2022-01-24 09:45:00,NSE:NIFTY1!,17414.1,17417.0,17306.35,17310.9,1654500.0
2022-01-24 10:45:00,NSE:NIFTY1!,17311.1,17318.95,17223.75,17268.0,2110200.0
2022-01-24 11:45:00,NSE:NIFTY1!,17268.1,17275.55,17011.75,17020.55,2608500.0
2022-01-24 12:45:00,NSE:NIFTY1!,17025.55,17199.0,17022.2,17188.25,3266700.0
2022-01-24 13:45:00,NSE:NIFTY1!,17190.0,17194.85,17100.1,17104.85,844600.0
2022-01-25 07:45:00,NSE:NIFTY1!,17000.0,17195.0,16851.15,17077.25,4334250.0
2022-01-25 08:45:00,NSE:NIFTY1!,17074.0,17102.9,17002.05,17086.3,1342150.0
2022-01-25 09:45:00,NSE:NIFTY1!,17086.0,17131.75,17052.55,17085.9,1268650.0
2022-01-25 10:45:00,NSE:NIFTY1!,17087.45,17144.0,17045.0,17138.15,1752050.0
2022-01-25 11:45:00,NSE:NIFTY1!,17138.15,17234.9,17121.0,17205.75,1858350.0
2022-01-25 12:45:00,NSE:NIFTY1!,17209.75,17297.0,17175.45,17295.0,1859800.0
2022-01-25 13:45:00,NSE:NIFTY1!,17297.95,17309.0,17264.0,17264.0,791650.0
2022-01-27 07:45:00,NSE:NIFTY1!,16995.0,17047.05,16915.3,17006.05,4060250.0
2022-01-27 08:45:00,NSE:NIFTY1!,17004.0,17015.8,16934.4,16962.9,1347250.0
2022-01-27 09:45:00,NSE:NIFTY1!,16961.75,16968.0,16871.45,16874.05,1477150.0
2022-01-27 10:45:00,NSE:NIFTY1!,16875.4,17014.45,16862.0,17008.7,1207750.0
2022-01-27 11:45:00,NSE:NIFTY1!,17008.5,17091.9,16984.2,17055.0,1648550.0
2022-01-27 12:45:00,NSE:NIFTY1!,17058.95,17174.0,17036.5,17112.85,1940300.0
2022-01-27 13:45:00,NSE:NIFTY1!,17111.15,17115.9,17096.9,17110.0,353650.0
2022-01-28 07:45:00,NSE:NIFTY1!,17200.0,17385.0,17180.0,17354.65,3860800.0
2022-01-28 08:45:00,NSE:NIFTY1!,17354.5,17369.5,17291.05,17341.95,1274750.0
2022-01-28 09:45:00,NSE:NIFTY1!,17340.0,17380.0,17317.65,17372.4,749500.0
2022-01-28 10:45:00,NSE:NIFTY1!,17373.75,17395.0,17350.0,17356.0,906100.0
2022-01-28 11:45:00,NSE:NIFTY1!,17356.05,17366.8,17161.0,17179.1,2806450.0
2022-01-28 12:45:00,NSE:NIFTY1!,17175.65,17223.95,17095.0,17114.05,2581850.0
2022-01-28 13:45:00,NSE:NIFTY1!,17113.9,17145.0,17107.2,17126.75,831400.0
2022-01-31 07:45:00,NSE:NIFTY1!,17300.0,17375.0,17271.0,17355.15,3186150.0
2022-01-31 08:45:00,NSE:NIFTY1!,17355.65,17369.4,17275.0,17357.3,1425500.0
2022-01-31 09:45:00,NSE:NIFTY1!,17357.6,17419.0,17324.0,17405.65,1248050.0
2022-01-31 10:45:00,NSE:NIFTY1!,17407.85,17424.95,17366.25,17407.55,1245900.0
2022-01-31 11:45:00,NSE:NIFTY1!,17409.05,17421.9,17336.1,17400.55,1464300.0
2022-01-31 12:45:00,NSE:NIFTY1!,17397.2,17422.0,17352.1,17357.0,1447950.0
2022-01-31 13:45:00,NSE:NIFTY1!,17358.9,17382.5,17344.0,17371.0,751950.0
2022-02-01 07:45:00,NSE:NIFTY1!,17524.95,17595.0,17451.0,17585.0,2977650.0
2022-02-01 08:45:00,NSE:NIFTY1!,17585.95,17609.0,17544.85,17575.0,1678850.0
2022-02-01 09:45:00,NSE:NIFTY1!,17576.0,17634.0,17458.8,17593.5,2527250.0
2022-02-01 10:45:00,NSE:NIFTY1!,17591.85,17625.0,17256.1,17263.1,4811850.0
2022-02-01 11:45:00,NSE:NIFTY1!,17268.0,17567.25,17231.25,17552.1,3401900.0
2022-02-01 12:45:00,NSE:NIFTY1!,17554.0,17628.4,17531.2,17571.8,2305800.0
2022-02-01 13:45:00,NSE:NIFTY1!,17572.0,17613.4,17566.35,17610.25,943550.0
2022-02-02 07:45:00,NSE:NIFTY1!,17705.25,17754.5,17680.05,17728.0,2708350.0
2022-02-02 08:45:00,NSE:NIFTY1!,17728.0,17749.9,17685.0,17733.7,1154150.0
2022-02-02 09:45:00,NSE:NIFTY1!,17733.35,17774.7,17722.15,17750.4,871750.0
2022-02-02 10:45:00,NSE:NIFTY1!,17750.25,17765.0,17731.0,17749.0,979600.0
2022-02-02 11:45:00,NSE:NIFTY1!,17749.6,17788.0,17726.15,17780.9,883950.0
2022-02-02 12:45:00,NSE:NIFTY1!,17780.9,17790.85,17756.65,17790.5,985450.0
2022-02-02 13:45:00,NSE:NIFTY1!,17790.9,17809.8,17787.45,17808.9,925850.0
2022-02-03 07:45:00,NSE:NIFTY1!,17780.05,17784.0,17695.0,17715.0,2478750.0
2022-02-03 08:45:00,NSE:NIFTY1!,17713.8,17728.2,17690.0,17707.8,762250.0
2022-02-03 09:45:00,NSE:NIFTY1!,17709.25,17710.0,17640.0,17641.8,1353250.0
2022-02-03 10:45:00,NSE:NIFTY1!,17641.8,17703.65,17634.15,17673.1,1067250.0
2022-02-03 11:45:00,NSE:NIFTY1!,17672.85,17674.0,17579.55,17627.5,2326350.0
2022-02-03 12:45:00,NSE:NIFTY1!,17629.15,17640.0,17555.05,17564.15,1568350.0
2022-02-03 13:45:00,NSE:NIFTY1!,17563.65,17563.85,17500.0,17504.85,1228300.0
2022-02-04 07:45:00,NSE:NIFTY1!,17521.0,17632.0,17488.5,17559.0,3172100.0
2022-02-04 08:45:00,NSE:NIFTY1!,17559.0,17589.9,17525.0,17584.05,951800.0
2022-02-04 09:45:00,NSE:NIFTY1!,17583.0,17599.0,17521.0,17533.55,847150.0
2022-02-04 10:45:00,NSE:NIFTY1!,17535.0,17554.8,17475.0,17486.75,1453000.0
2022-02-04 11:45:00,NSE:NIFTY1!,17486.75,17592.0,17476.25,17558.5,1334850.0
2022-02-04 12:45:00,NSE:NIFTY1!,17559.0,17575.0,17491.5,17543.05,1283250.0
2022-02-04 13:45:00,NSE:NIFTY1!,17544.7,17547.15,17511.25,17516.9,602000.0
2022-02-07 07:45:00,NSE:NIFTY1!,17458.55,17532.55,17384.9,17409.0,2577400.0
2022-02-07 08:45:00,NSE:NIFTY1!,17410.0,17422.5,17328.0,17332.0,1197400.0
2022-02-07 09:45:00,NSE:NIFTY1!,17333.85,17333.85,17261.05,17268.5,1554650.0
2022-02-07 10:45:00,NSE:NIFTY1!,17268.8,17339.55,17260.05,17271.0,1046350.0
2022-02-07 11:45:00,NSE:NIFTY1!,17270.5,17289.0,17125.0,17175.9,2101650.0
2022-02-07 12:45:00,NSE:NIFTY1!,17175.85,17243.55,17156.05,17217.55,1695050.0
2022-02-07 13:45:00,NSE:NIFTY1!,17220.0,17225.0,17187.55,17213.0,661850.0
2022-02-08 07:45:00,NSE:NIFTY1!,17265.0,17304.0,17177.7,17200.35,2667550.0
2022-02-08 08:45:00,NSE:NIFTY1!,17198.85,17205.65,17048.2,17088.0,2310550.0
2022-02-08 09:45:00,NSE:NIFTY1!,17089.0,17223.25,17074.3,17178.65,1624600.0
2022-02-08 10:45:00,NSE:NIFTY1!,17178.0,17285.6,17136.95,17144.75,1920500.0
2022-02-08 11:45:00,NSE:NIFTY1!,17144.0,17235.0,17131.55,17173.65,1317550.0
2022-02-08 12:45:00,NSE:NIFTY1!,17175.0,17298.1,17142.0,17281.5,1885700.0
2022-02-08 13:45:00,NSE:NIFTY1!,17282.95,17287.0,17245.0,17255.05,560300.0
2022-02-09 07:45:00,NSE:NIFTY1!,17351.4,17448.0,17330.3,17428.35,2796200.0
2022-02-09 08:45:00,NSE:NIFTY1!,17427.95,17433.05,17373.75,17403.2,970900.0
2022-02-09 09:45:00,NSE:NIFTY1!,17403.75,17437.6,17392.95,17422.6,540950.0
2022-02-09 10:45:00,NSE:NIFTY1!,17424.95,17440.0,17386.0,17388.75,752500.0
2022-02-09 11:45:00,NSE:NIFTY1!,17386.0,17457.8,17381.1,17451.95,989150.0
2022-02-09 12:45:00,NSE:NIFTY1!,17452.85,17490.0,17445.75,17476.95,1245100.0
2022-02-09 13:45:00,NSE:NIFTY1!,17476.95,17489.3,17475.85,17487.0,535800.0
2022-02-10 07:45:00,NSE:NIFTY1!,17525.0,17545.0,17440.5,17518.9,2272250.0
2022-02-10 08:45:00,NSE:NIFTY1!,17521.85,17610.0,17491.2,17596.35,2088700.0
2022-02-10 09:45:00,NSE:NIFTY1!,17596.4,17639.0,17571.65,17614.8,1046950.0
2022-02-10 10:45:00,NSE:NIFTY1!,17614.25,17635.55,17589.55,17623.95,762150.0
2022-02-10 11:45:00,NSE:NIFTY1!,17621.25,17650.0,17597.0,17635.1,926100.0
2022-02-10 12:45:00,NSE:NIFTY1!,17635.1,17649.25,17605.0,17606.35,1299500.0
2022-02-10 13:45:00,NSE:NIFTY1!,17608.0,17625.8,17595.8,17601.4,808800.0
2022-02-11 07:45:00,NSE:NIFTY1!,17448.0,17473.25,17305.0,17320.0,4336300.0
2022-02-11 08:45:00,NSE:NIFTY1!,17316.9,17348.0,17282.3,17305.0,1653550.0
2022-02-11 09:45:00,NSE:NIFTY1!,17304.7,17343.8,17283.75,17338.9,806700.0
2022-02-11 10:45:00,NSE:NIFTY1!,17338.95,17400.0,17331.45,17395.0,1278400.0
2022-02-11 11:45:00,NSE:NIFTY1!,17395.1,17443.75,17344.0,17368.85,1949150.0
2022-02-11 12:45:00,NSE:NIFTY1!,17367.15,17393.85,17331.3,17367.2,1615500.0
2022-02-11 13:45:00,NSE:NIFTY1!,17367.2,17369.9,17327.8,17330.5,759900.0
2022-02-14 07:45:00,NSE:NIFTY1!,17129.0,17129.0,16930.55,17020.7,4880850.0
2022-02-14 08:45:00,NSE:NIFTY1!,17019.8,17075.0,16991.85,17023.25,1147350.0
2022-02-14 09:45:00,NSE:NIFTY1!,17022.1,17034.15,16981.3,17002.15,829500.0
2022-02-14 10:45:00,NSE:NIFTY1!,17002.0,17035.95,16951.0,17019.0,973850.0
2022-02-14 11:45:00,NSE:NIFTY1!,17017.9,17042.7,16907.0,16914.45,1635300.0
2022-02-14 12:45:00,NSE:NIFTY1!,16914.1,16948.0,16830.9,16832.5,2106900.0
2022-02-14 13:45:00,NSE:NIFTY1!,16832.05,16854.95,16801.0,16809.9,902200.0
2022-02-15 07:45:00,NSE:NIFTY1!,16894.0,16979.9,16837.0,16867.3,3128750.0
2022-02-15 08:45:00,NSE:NIFTY1!,16869.15,16952.7,16862.0,16937.4,1349850.0
2022-02-15 09:45:00,NSE:NIFTY1!,16934.35,17093.1,16934.35,17067.6,2564450.0
2022-02-15 10:45:00,NSE:NIFTY1!,17069.7,17125.0,17027.0,17100.0,1853300.0
2022-02-15 11:45:00,NSE:NIFTY1!,17100.85,17309.7,17059.8,17290.55,3356350.0
2022-02-15 12:45:00,NSE:NIFTY1!,17293.35,17369.6,17265.5,17357.8,2598600.0
2022-02-15 13:45:00,NSE:NIFTY1!,17359.7,17382.9,17354.6,17362.0,864050.0
2022-02-16 07:45:00,NSE:NIFTY1!,17390.0,17438.7,17306.65,17323.0,2993100.0
2022-02-16 08:45:00,NSE:NIFTY1!,17325.3,17368.0,17240.15,17281.8,1699200.0
2022-02-16 09:45:00,NSE:NIFTY1!,17281.05,17343.3,17277.35,17334.0,991400.0
2022-02-16 10:45:00,NSE:NIFTY1!,17336.0,17432.0,17335.25,17417.2,1898000.0
2022-02-16 11:45:00,NSE:NIFTY1!,17415.5,17495.0,17386.35,17465.0,1917350.0
2022-02-16 12:45:00,NSE:NIFTY1!,17464.2,17470.0,17276.65,17328.45,3227450.0
2022-02-16 13:45:00,NSE:NIFTY1!,17325.0,17327.85,17291.25,17297.8,1138050.0
2022-02-17 07:45:00,NSE:NIFTY1!,17374.9,17436.9,17252.6,17305.95,3457850.0
2022-02-17 08:45:00,NSE:NIFTY1!,17302.25,17385.0,17217.35,17362.55,2452050.0
2022-02-17 09:45:00,NSE:NIFTY1!,17362.0,17398.9,17316.9,17381.1,1196000.0
2022-02-17 10:45:00,NSE:NIFTY1!,17383.55,17423.85,17361.7,17380.05,1102500.0
2022-02-17 11:45:00,NSE:NIFTY1!,17384.5,17420.0,17326.5,17326.5,1510150.0
2022-02-17 12:45:00,NSE:NIFTY1!,17325.8,17368.0,17273.0,17273.0,2042650.0
2022-02-17 13:45:00,NSE:NIFTY1!,17274.6,17290.0,17262.1,17266.3,713850.0
2022-02-18 07:45:00,NSE:NIFTY1!,17248.0,17324.55,17218.7,17301.1,2608100.0
2022-02-18 08:45:00,NSE:NIFTY1!,17298.75,17335.0,17255.0,17331.75,999250.0
2022-02-18 09:45:00,NSE:NIFTY1!,17332.35,17359.0,17296.0,17350.5,1105450.0
2022-02-18 10:45:00,NSE:NIFTY1!,17350.5,17388.0,17327.45,17365.35,1185150.0
2022-02-18 11:45:00,NSE:NIFTY1!,17364.75,17375.0,17308.05,17311.0,956800.0
2022-02-18 12:45:00,NSE:NIFTY1!,17310.65,17324.95,17244.2,17275.1,2265450.0
2022-02-18 13:45:00,NSE:NIFTY1!,17275.75,17281.85,17265.0,17281.0,675650.0
2022-02-21 07:45:00,NSE:NIFTY1!,17206.2,17242.3,17081.0,17126.9,3274550.0
2022-02-21 08:45:00,NSE:NIFTY1!,17122.05,17230.0,17104.05,17225.0,1634800.0
2022-02-21 09:45:00,NSE:NIFTY1!,17226.0,17322.9,17204.0,17303.95,1828000.0
2022-02-21 10:45:00,NSE:NIFTY1!,17306.0,17354.0,17271.6,17346.85,1373250.0
2022-02-21 11:45:00,NSE:NIFTY1!,17346.95,17353.95,17221.2,17225.0,1628000.0
2022-02-21 12:45:00,NSE:NIFTY1!,17225.3,17265.0,17175.15,17193.7,1814150.0
2022-02-21 13:45:00,NSE:NIFTY1!,17192.6,17216.3,17189.0,17206.15,429250.0
2022-02-22 07:45:00,NSE:NIFTY1!,16899.7,16989.45,16851.0,16912.55,4383200.0
2022-02-22 08:45:00,NSE:NIFTY1!,16910.25,16994.9,16902.9,16968.1,1373950.0
2022-02-22 09:45:00,NSE:NIFTY1!,16970.8,17008.0,16912.15,16942.05,1606900.0
2022-02-22 10:45:00,NSE:NIFTY1!,16941.9,16955.75,16879.35,16909.6,1386200.0
2022-02-22 11:45:00,NSE:NIFTY1!,16908.5,17068.95,16883.35,17065.55,2467550.0
2022-02-22 12:45:00,NSE:NIFTY1!,17066.35,17145.0,17031.1,17081.25,2869300.0
2022-02-22 13:45:00,NSE:NIFTY1!,17081.35,17099.25,17051.0,17060.0,737050.0
2022-02-23 07:45:00,NSE:NIFTY1!,17170.0,17218.65,17132.55,17144.5,2408000.0
2022-02-23 08:45:00,NSE:NIFTY1!,17145.0,17175.5,17118.0,17165.0,1026350.0
2022-02-23 09:45:00,NSE:NIFTY1!,17167.95,17193.8,17158.2,17162.0,802050.0
2022-02-23 10:45:00,NSE:NIFTY1!,17163.0,17173.85,17123.9,17163.5,1216250.0
2022-02-23 11:45:00,NSE:NIFTY1!,17162.5,17173.0,17100.0,17143.75,1295050.0
2022-02-23 12:45:00,NSE:NIFTY1!,17143.75,17169.95,17048.55,17050.0,2226700.0
2022-02-23 13:45:00,NSE:NIFTY1!,17052.0,17080.15,17043.3,17069.35,878200.0
2022-02-24 07:45:00,NSE:NIFTY1!,16600.0,16763.95,16462.6,16534.6,4720000.0
2022-02-24 08:45:00,NSE:NIFTY1!,16538.8,16602.15,16525.0,16576.2,1806450.0
2022-02-24 09:45:00,NSE:NIFTY1!,16577.65,16653.65,16545.1,16574.85,1674550.0
2022-02-24 10:45:00,NSE:NIFTY1!,16575.0,16578.9,16435.05,16534.9,1580350.0
2022-02-24 11:45:00,NSE:NIFTY1!,16531.6,16537.4,16422.0,16456.2,1880050.0
2022-02-24 12:45:00,NSE:NIFTY1!,16454.0,16485.95,16230.1,16263.05,2809650.0
2022-02-24 13:45:00,NSE:NIFTY1!,16264.0,16268.05,16234.8,16247.2,680800.0
2022-02-25 07:45:00,NSE:NIFTY1!,16449.85,16695.0,16449.85,16647.25,5166000.0
2022-02-25 08:45:00,NSE:NIFTY1!,16647.15,16763.75,16632.95,16707.05,3123450.0
2022-02-25 09:45:00,NSE:NIFTY1!,16708.05,16748.0,16661.15,16663.1,1657350.0
2022-02-25 10:45:00,NSE:NIFTY1!,16663.1,16717.8,16611.25,16682.9,1902400.0
2022-02-25 11:45:00,NSE:NIFTY1!,16682.75,16687.95,16620.0,16670.05,1734950.0
2022-02-25 12:45:00,NSE:NIFTY1!,16669.35,16729.0,16620.1,16664.95,2604900.0
2022-02-25 13:45:00,NSE:NIFTY1!,16660.75,16681.85,16640.8,16667.0,1403400.0
2022-02-28 07:45:00,NSE:NIFTY1!,16525.0,16545.0,16366.85,16457.9,3713250.0
2022-02-28 08:45:00,NSE:NIFTY1!,16455.1,16624.7,16440.0,16604.0,2274650.0
2022-02-28 09:45:00,NSE:NIFTY1!,16605.7,16735.0,16587.0,16686.2,2583950.0
2022-02-28 10:45:00,NSE:NIFTY1!,16687.4,16759.0,16657.75,16728.5,1820150.0
2022-02-28 11:45:00,NSE:NIFTY1!,16729.55,16754.7,16645.55,16710.9,1512850.0
2022-02-28 12:45:00,NSE:NIFTY1!,16711.3,16825.0,16683.15,16805.0,2376550.0
2022-02-28 13:45:00,NSE:NIFTY1!,16803.55,16806.9,16777.45,16789.8,1241300.0
2022-03-02 07:45:00,NSE:NIFTY1!,16595.0,16678.0,16535.35,16594.3,4050100.0
2022-03-02 08:45:00,NSE:NIFTY1!,16595.0,16636.4,16550.55,16571.4,1407400.0
2022-03-02 09:45:00,NSE:NIFTY1!,16570.65,16610.0,16501.95,16506.7,1766550.0
2022-03-02 10:45:00,NSE:NIFTY1!,16505.0,16573.15,16468.0,16548.0,1575250.0
2022-03-02 11:45:00,NSE:NIFTY1!,16550.0,16564.9,16501.35,16518.75,1196250.0
2022-03-02 12:45:00,NSE:NIFTY1!,16517.0,16622.55,16471.1,16615.45,2496100.0
2022-03-02 13:45:00,NSE:NIFTY1!,16617.0,16649.8,16599.3,16641.9,1297100.0
2022-03-03 07:45:00,NSE:NIFTY1!,16741.0,16769.75,16607.35,16640.55,3451650.0
2022-03-03 08:45:00,NSE:NIFTY1!,16642.7,16660.0,16605.0,16655.0,1166550.0
2022-03-03 09:45:00,NSE:NIFTY1!,16656.8,16668.0,16625.8,16636.6,747200.0
2022-03-03 10:45:00,NSE:NIFTY1!,16636.0,16637.4,16490.15,16516.7,2044650.0
2022-03-03 11:45:00,NSE:NIFTY1!,16518.0,16575.0,16472.0,16502.6,1605250.0
2022-03-03 12:45:00,NSE:NIFTY1!,16500.3,16560.4,16445.1,16536.0,1907900.0
2022-03-03 13:45:00,NSE:NIFTY1!,16533.1,16549.35,16511.45,16525.4,902650.0
2022-03-04 07:45:00,NSE:NIFTY1!,16305.1,16321.7,16224.1,16227.2,3842250.0
2022-03-04 08:45:00,NSE:NIFTY1!,16227.2,16242.85,16152.0,16174.0,2475200.0
2022-03-04 09:45:00,NSE:NIFTY1!,16174.2,16292.55,16166.65,16270.0,1879900.0
2022-03-04 10:45:00,NSE:NIFTY1!,16268.5,16423.95,16251.4,16373.6,2984550.0
2022-03-04 11:45:00,NSE:NIFTY1!,16373.3,16479.35,16343.5,16366.0,2411300.0
2022-03-04 12:45:00,NSE:NIFTY1!,16360.0,16414.5,16235.95,16254.6,2619550.0
2022-03-04 13:45:00,NSE:NIFTY1!,16258.65,16271.0,16232.3,16264.9,790050.0
2022-03-07 07:45:00,NSE:NIFTY1!,15900.0,15947.0,15780.0,15811.3,5824050.0
2022-03-07 08:45:00,NSE:NIFTY1!,15811.4,15879.95,15757.2,15865.9,2862900.0
2022-03-07 09:45:00,NSE:NIFTY1!,15864.9,15958.1,15862.6,15892.0,2815250.0
2022-03-07 10:45:00,NSE:NIFTY1!,15891.35,15950.0,15845.25,15849.1,1473950.0
2022-03-07 11:45:00,NSE:NIFTY1!,15849.3,15884.7,15751.0,15755.85,2134050.0
2022-03-07 12:45:00,NSE:NIFTY1!,15754.5,15894.35,15711.15,15882.3,3132400.0
2022-03-07 13:45:00,NSE:NIFTY1!,15881.0,15899.0,15865.75,15892.25,1007800.0
2022-03-08 07:45:00,NSE:NIFTY1!,15770.0,15922.7,15760.0,15912.7,3527650.0
2022-03-08 08:45:00,NSE:NIFTY1!,15912.65,15922.35,15782.15,15813.75,1983900.0
2022-03-08 09:45:00,NSE:NIFTY1!,15813.7,15813.7,15702.3,15740.0,2453550.0
2022-03-08 10:45:00,NSE:NIFTY1!,15740.0,15790.0,15676.35,15759.0,2022600.0
2022-03-08 11:45:00,NSE:NIFTY1!,15758.55,15935.0,15694.2,15879.75,3389950.0
2022-03-08 12:45:00,NSE:NIFTY1!,15883.5,16033.0,15832.35,16019.85,3571000.0
2022-03-08 13:45:00,NSE:NIFTY1!,16018.25,16027.0,16000.0,16012.0,1224400.0
2022-03-09 07:45:00,NSE:NIFTY1!,16065.0,16150.0,15961.0,16141.5,4178450.0
2022-03-09 08:45:00,NSE:NIFTY1!,16145.0,16170.0,16111.25,16120.75,1433400.0
2022-03-09 09:45:00,NSE:NIFTY1!,16122.0,16195.0,16086.35,16176.0,1606450.0
2022-03-09 10:45:00,NSE:NIFTY1!,16178.35,16319.95,16177.15,16315.45,2387500.0
2022-03-09 11:45:00,NSE:NIFTY1!,16315.95,16349.0,16239.0,16333.75,1996500.0
2022-03-09 12:45:00,NSE:NIFTY1!,16335.3,16422.35,16331.4,16373.8,2795900.0
2022-03-09 13:45:00,NSE:NIFTY1!,16371.05,16385.0,16352.6,16384.0,797250.0
2022-03-10 07:45:00,NSE:NIFTY1!,16730.0,16749.0,16575.0,16719.05,4448700.0
2022-03-10 08:45:00,NSE:NIFTY1!,16719.05,16753.5,16696.65,16746.0,1512600.0
2022-03-10 09:45:00,NSE:NIFTY1!,16746.9,16749.0,16694.05,16702.6,1102300.0
2022-03-10 10:45:00,NSE:NIFTY1!,16704.55,16725.7,16611.05,16642.0,2018200.0
2022-03-10 11:45:00,NSE:NIFTY1!,16638.5,16690.0,16450.0,16536.6,3102050.0
2022-03-10 12:45:00,NSE:NIFTY1!,16537.45,16652.0,16486.25,16638.6,2896750.0
2022-03-10 13:45:00,NSE:NIFTY1!,16640.15,16645.25,16563.05,16563.9,908300.0
2022-03-11 07:45:00,NSE:NIFTY1!,16510.0,16707.8,16475.05,16651.55,3261900.0
2022-03-11 08:45:00,NSE:NIFTY1!,16651.6,16662.8,16553.8,16625.0,2167200.0
2022-03-11 09:45:00,NSE:NIFTY1!,16625.45,16683.95,16606.1,16656.4,1106250.0
2022-03-11 10:45:00,NSE:NIFTY1!,16658.25,16686.35,16585.8,16598.0,1176300.0
2022-03-11 11:45:00,NSE:NIFTY1!,16595.4,16655.55,16570.1,16627.75,1200350.0
2022-03-11 12:45:00,NSE:NIFTY1!,16628.2,16674.4,16605.1,16643.35,1350650.0
2022-03-11 13:45:00,NSE:NIFTY1!,16643.3,16656.6,16637.0,16654.25,551100.0
2022-03-14 07:45:00,NSE:NIFTY1!,16624.95,16707.95,16610.15,16686.1,2408750.0
2022-03-14 08:45:00,NSE:NIFTY1!,16687.25,16735.0,16656.1,16726.4,1099150.0
2022-03-14 09:45:00,NSE:NIFTY1!,16726.0,16774.95,16719.9,16741.95,1607300.0
2022-03-14 10:45:00,NSE:NIFTY1!,16740.1,16799.0,16727.0,16788.9,1150700.0
2022-03-14 11:45:00,NSE:NIFTY1!,16790.05,16824.9,16761.4,16822.95,931850.0
2022-03-14 12:45:00,NSE:NIFTY1!,16824.0,16899.9,16822.25,16883.4,2153450.0
2022-03-14 13:45:00,NSE:NIFTY1!,16883.2,16912.6,16868.3,16910.15,986050.0
2022-03-15 07:45:00,NSE:NIFTY1!,16890.0,16928.9,16811.25,16869.6,2883300.0
2022-03-15 08:45:00,NSE:NIFTY1!,16869.9,16900.0,16840.0,16856.75,1174850.0
2022-03-15 09:45:00,NSE:NIFTY1!,16854.3,16896.0,16828.9,16881.6,846700.0
2022-03-15 10:45:00,NSE:NIFTY1!,16880.1,16882.0,16721.05,16727.1,2528550.0
2022-03-15 11:45:00,NSE:NIFTY1!,16726.05,16748.05,16632.6,16649.6,2407200.0
2022-03-15 12:45:00,NSE:NIFTY1!,16649.3,16716.1,16556.7,16676.6,3154800.0
2022-03-15 13:45:00,NSE:NIFTY1!,16677.65,16688.0,16639.45,16649.5,781250.0
2022-03-16 07:45:00,NSE:NIFTY1!,16870.0,16963.95,16865.1,16880.85,3595300.0
2022-03-16 08:45:00,NSE:NIFTY1!,16880.0,16929.45,16856.0,16909.5,1180900.0
2022-03-16 09:45:00,NSE:NIFTY1!,16910.6,16960.0,16905.0,16947.0,1144650.0
2022-03-16 10:45:00,NSE:NIFTY1!,16947.1,16979.95,16890.55,16893.65,1480150.0
2022-03-16 11:45:00,NSE:NIFTY1!,16887.0,16953.3,16870.3,16911.0,1498750.0
2022-03-16 12:45:00,NSE:NIFTY1!,16910.1,17028.7,16902.25,17014.25,2243550.0
2022-03-16 13:45:00,NSE:NIFTY1!,17014.1,17014.1,16992.65,17006.35,782200.0
2022-03-17 07:45:00,NSE:NIFTY1!,17218.0,17285.05,17188.15,17284.45,3678850.0
2022-03-17 08:45:00,NSE:NIFTY1!,17286.35,17297.9,17263.2,17278.0,1189600.0
2022-03-17 09:45:00,NSE:NIFTY1!,17278.0,17332.95,17269.95,17309.9,1267450.0
2022-03-17 10:45:00,NSE:NIFTY1!,17309.1,17357.35,17297.15,17323.0,1535850.0
2022-03-17 11:45:00,NSE:NIFTY1!,17323.65,17385.85,17303.05,17343.35,2120000.0
2022-03-17 12:45:00,NSE:NIFTY1!,17345.05,17367.55,17294.95,17305.6,2280100.0
2022-03-17 13:45:00,NSE:NIFTY1!,17307.2,17338.5,17298.75,17324.1,1061700.0
2022-03-21 07:45:00,NSE:NIFTY1!,17332.2,17392.1,17250.0,17254.75,2615150.0
2022-03-21 08:45:00,NSE:NIFTY1!,17253.0,17298.65,17231.55,17271.0,1171450.0
2022-03-21 09:45:00,NSE:NIFTY1!,17271.4,17304.4,17247.25,17249.0,673450.0
2022-03-21 10:45:00,NSE:NIFTY1!,17249.25,17269.0,17156.4,17170.4,1679400.0
2022-03-21 11:45:00,NSE:NIFTY1!,17172.2,17234.1,17143.1,17209.0,1161000.0
2022-03-21 12:45:00,NSE:NIFTY1!,17210.35,17218.0,17130.65,17166.0,1493350.0
2022-03-21 13:45:00,NSE:NIFTY1!,17165.1,17172.45,17152.1,17167.4,514600.0
2022-03-22 07:45:00,NSE:NIFTY1!,17141.0,17174.9,17071.15,17076.0,2448150.0
2022-03-22 08:45:00,NSE:NIFTY1!,17077.4,17110.0,17051.0,17103.9,1128950.0
2022-03-22 09:45:00,NSE:NIFTY1!,17104.0,17127.7,17062.1,17079.0,924650.0
2022-03-22 10:45:00,NSE:NIFTY1!,17077.45,17288.0,17066.6,17285.6,2649750.0
2022-03-22 11:45:00,NSE:NIFTY1!,17288.05,17375.35,17265.0,17337.05,2595050.0
2022-03-22 12:45:00,NSE:NIFTY1!,17335.85,17366.0,17282.9,17363.95,1692700.0
2022-03-22 13:45:00,NSE:NIFTY1!,17364.85,17383.75,17355.0,17381.0,722050.0
2022-03-23 07:45:00,NSE:NIFTY1!,17447.0,17464.4,17355.0,17381.5,2811200.0
2022-03-23 08:45:00,NSE:NIFTY1!,17379.2,17409.6,17320.3,17347.9,1678400.0
2022-03-23 09:45:00,NSE:NIFTY1!,17345.0,17378.6,17267.1,17307.2,1498950.0
2022-03-23 10:45:00,NSE:NIFTY1!,17305.15,17325.0,17235.75,17286.0,1606700.0
2022-03-23 11:45:00,NSE:NIFTY1!,17285.0,17322.2,17220.05,17274.15,1367550.0
2022-03-23 12:45:00,NSE:NIFTY1!,17271.2,17347.0,17258.0,17284.0,1391750.0
2022-03-23 13:45:00,NSE:NIFTY1!,17284.0,17287.0,17251.9,17256.95,612300.0
2022-03-24 07:45:00,NSE:NIFTY1!,17111.0,17297.0,17111.0,17286.5,2318600.0
2022-03-24 08:45:00,NSE:NIFTY1!,17288.8,17324.0,17244.6,17317.0,1149650.0
2022-03-24 09:45:00,NSE:NIFTY1!,17317.7,17339.0,17208.85,17216.05,1625650.0
2022-03-24 10:45:00,NSE:NIFTY1!,17215.95,17232.2,17175.55,17185.0,1359050.0
2022-03-24 11:45:00,NSE:NIFTY1!,17185.0,17277.95,17181.1,17270.0,1296000.0
2022-03-24 12:45:00,NSE:NIFTY1!,17271.8,17292.55,17233.45,17247.05,1228000.0
2022-03-24 13:45:00,NSE:NIFTY1!,17247.9,17254.75,17210.95,17215.0,705500.0
2022-03-25 07:45:00,NSE:NIFTY1!,17260.0,17296.0,17188.9,17216.05,1822750.0
2022-03-25 08:45:00,NSE:NIFTY1!,17218.8,17230.0,17177.3,17210.0,866500.0
2022-03-25 09:45:00,NSE:NIFTY1!,17210.0,17224.0,17134.3,17137.8,1229400.0
2022-03-25 10:45:00,NSE:NIFTY1!,17138.0,17188.95,17130.0,17164.0,769700.0
2022-03-25 11:45:00,NSE:NIFTY1!,17163.65,17177.5,17096.4,17122.0,1195350.0
2022-03-25 12:45:00,NSE:NIFTY1!,17122.8,17169.95,17117.65,17164.95,1124350.0
2022-03-25 13:45:00,NSE:NIFTY1!,17164.9,17238.0,17162.55,17211.5,964200.0
2022-03-28 07:45:00,NSE:NIFTY1!,17220.6,17220.6,17061.25,17066.1,2287650.0
2022-03-28 08:45:00,NSE:NIFTY1!,17064.5,17073.0,17025.35,17064.2,1022750.0
2022-03-28 09:45:00,NSE:NIFTY1!,17066.0,17090.65,17031.2,17078.7,947600.0
2022-03-28 10:45:00,NSE:NIFTY1!,17081.5,17260.85,17081.5,17254.3,2809850.0
2022-03-28 11:45:00,NSE:NIFTY1!,17251.25,17263.7,17172.15,17216.95,1147550.0
2022-03-28 12:45:00,NSE:NIFTY1!,17216.95,17275.45,17198.9,17267.15,1473050.0
2022-03-28 13:45:00,NSE:NIFTY1!,17267.7,17283.0,17261.05,17276.35,649950.0
